ACT-R connection has been started.

unfitted seed401:   0%|          | 0/6630 [00:00<?, ?it/s]
unfitted seed401:   0%|          | 24/6630 [00:00<00:27, 236.04it/s]
unfitted seed401:   1%|          | 58/6630 [00:00<00:22, 292.29it/s]
unfitted seed401:   1%|1         | 90/6630 [00:00<00:21, 301.55it/s]
unfitted seed401:   2%|1         | 121/6630 [00:00<00:21, 302.33it/s]
unfitted seed401:   2%|2         | 154/6630 [00:00<00:20, 310.82it/s]
unfitted seed401:   3%|2         | 189/6630 [00:00<00:20, 320.82it/s]
unfitted seed401:   3%|3         | 222/6630 [00:00<00:20, 319.13it/s]
unfitted seed401:   4%|3         | 255/6630 [00:00<00:19, 321.13it/s]
unfitted seed401:   4%|4         | 288/6630 [00:00<00:20, 314.12it/s]
unfitted seed401:   5%|4         | 320/6630 [00:01<00:20, 307.09it/s]
unfitted seed401:   5%|5         | 355/6630 [00:01<00:19, 318.33it/s]
unfitted seed401:   6%|5         | 389/6630 [00:01<00:19, 322.40it/s]
unfitted seed401:   6%|6         | 423/6630 [00:01<00:19, 326.07it/s]
unfitted seed401:   7%|6         | 456/6630 [00:01<00:19, 318.72it/s]
unfitted seed401:   7%|7         | 488/6630 [00:01<00:19, 316.23it/s]
unfitted seed401:   8%|7         | 520/6630 [00:01<00:19, 311.62it/s]
unfitted seed401:   8%|8         | 552/6630 [00:01<00:19, 313.28it/s]
unfitted seed401:   9%|8         | 585/6630 [00:01<00:19, 317.09it/s]
unfitted seed401:   9%|9         | 617/6630 [00:01<00:19, 316.46it/s]
unfitted seed401:  10%|9         | 649/6630 [00:02<00:19, 312.87it/s]
unfitted seed401:  10%|#         | 683/6630 [00:02<00:18, 319.80it/s]
unfitted seed401:  11%|#         | 716/6630 [00:02<00:18, 317.87it/s]
unfitted seed401:  11%|#1        | 748/6630 [00:02<00:18, 312.12it/s]
unfitted seed401:  12%|#1        | 782/6630 [00:02<00:18, 318.00it/s]
unfitted seed401:  12%|#2        | 816/6630 [00:02<00:17, 323.61it/s]
unfitted seed401:  13%|#2        | 849/6630 [00:02<00:18, 320.22it/s]
unfitted seed401:  13%|#3        | 882/6630 [00:02<00:17, 322.04it/s]
unfitted seed401:  14%|#3        | 915/6630 [00:02<00:18, 317.22it/s]
unfitted seed401:  14%|#4        | 954/6630 [00:03<00:16, 336.12it/s]
unfitted seed401:  15%|#4        | 994/6630 [00:03<00:15, 354.09it/s]
unfitted seed401:  16%|#5        | 1031/6630 [00:03<00:15, 355.42it/s]
unfitted seed401:  16%|#6        | 1070/6630 [00:03<00:15, 365.55it/s]
unfitted seed401:  17%|#6        | 1107/6630 [00:03<00:15, 362.22it/s]
unfitted seed401:  17%|#7        | 1146/6630 [00:03<00:14, 369.34it/s]
unfitted seed401:  18%|#7        | 1186/6630 [00:03<00:14, 377.00it/s]
unfitted seed401:  18%|#8        | 1226/6630 [00:03<00:14, 381.65it/s]
unfitted seed401:  19%|#9        | 1266/6630 [00:03<00:13, 386.87it/s]
unfitted seed401:  20%|#9        | 1306/6630 [00:03<00:13, 389.43it/s]
unfitted seed401:  20%|##        | 1348/6630 [00:04<00:13, 395.53it/s]
unfitted seed401:  21%|##        | 1388/6630 [00:04<00:13, 387.91it/s]
unfitted seed401:  22%|##1       | 1427/6630 [00:04<00:13, 383.50it/s]
unfitted seed401:  22%|##2       | 1466/6630 [00:04<00:13, 383.06it/s]
unfitted seed401:  23%|##2       | 1505/6630 [00:04<00:13, 376.56it/s]
unfitted seed401:  23%|##3       | 1545/6630 [00:04<00:13, 381.38it/s]
unfitted seed401:  24%|##3       | 1587/6630 [00:04<00:12, 391.23it/s]
unfitted seed401:  25%|##4       | 1627/6630 [00:04<00:12, 389.18it/s]
unfitted seed401:  25%|##5       | 1667/6630 [00:04<00:12, 391.47it/s]
unfitted seed401:  26%|##5       | 1707/6630 [00:04<00:12, 389.12it/s]
unfitted seed401:  26%|##6       | 1746/6630 [00:05<00:12, 388.60it/s]
unfitted seed401:  27%|##6       | 1785/6630 [00:05<00:12, 386.59it/s]
unfitted seed401:  28%|##7       | 1826/6630 [00:05<00:12, 392.17it/s]
unfitted seed401:  28%|##8       | 1866/6630 [00:05<00:12, 391.52it/s]
unfitted seed401:  29%|##8       | 1906/6630 [00:05<00:13, 348.55it/s]
unfitted seed401:  29%|##9       | 1943/6630 [00:05<00:13, 352.47it/s]
unfitted seed401:  30%|##9       | 1979/6630 [00:05<00:13, 354.28it/s]
unfitted seed401:  30%|###       | 2016/6630 [00:05<00:12, 357.96it/s]
unfitted seed401:  31%|###       | 2053/6630 [00:05<00:12, 358.35it/s]
unfitted seed401:  32%|###1      | 2090/6630 [00:06<00:12, 355.95it/s]
unfitted seed401:  32%|###2      | 2127/6630 [00:06<00:12, 356.32it/s]
unfitted seed401:  33%|###2      | 2165/6630 [00:06<00:12, 361.53it/s]
unfitted seed401:  33%|###3      | 2202/6630 [00:06<00:12, 357.30it/s]
unfitted seed401:  34%|###3      | 2238/6630 [00:06<00:13, 326.34it/s]
unfitted seed401:  34%|###4      | 2272/6630 [00:06<00:13, 327.32it/s]
unfitted seed401:  35%|###4      | 2306/6630 [00:06<00:13, 322.77it/s]
unfitted seed401:  35%|###5      | 2339/6630 [00:06<00:13, 323.54it/s]
unfitted seed401:  36%|###5      | 2375/6630 [00:06<00:12, 331.12it/s]
unfitted seed401:  36%|###6      | 2410/6630 [00:06<00:12, 334.58it/s]
unfitted seed401:  37%|###6      | 2447/6630 [00:07<00:12, 344.76it/s]
unfitted seed401:  37%|###7      | 2485/6630 [00:07<00:11, 354.32it/s]
unfitted seed401:  38%|###8      | 2523/6630 [00:07<00:11, 360.68it/s]
unfitted seed401:  39%|###8      | 2560/6630 [00:07<00:11, 359.78it/s]
unfitted seed401:  39%|###9      | 2597/6630 [00:07<00:11, 351.09it/s]
unfitted seed401:  40%|###9      | 2635/6630 [00:07<00:11, 357.55it/s]
unfitted seed401:  40%|####      | 2671/6630 [00:07<00:11, 354.94it/s]
unfitted seed401:  41%|####      | 2709/6630 [00:07<00:10, 359.81it/s]
unfitted seed401:  41%|####1     | 2746/6630 [00:07<00:10, 359.65it/s]
unfitted seed401:  42%|####1     | 2782/6630 [00:08<00:10, 354.13it/s]
unfitted seed401:  43%|####2     | 2818/6630 [00:08<00:10, 353.09it/s]
unfitted seed401:  43%|####3     | 2854/6630 [00:08<00:10, 352.75it/s]
unfitted seed401:  44%|####3     | 2893/6630 [00:08<00:10, 362.17it/s]
unfitted seed401:  44%|####4     | 2930/6630 [00:08<00:10, 363.52it/s]
unfitted seed401:  45%|####4     | 2967/6630 [00:08<00:10, 357.41it/s]
unfitted seed401:  45%|####5     | 3003/6630 [00:08<00:10, 357.12it/s]
unfitted seed401:  46%|####5     | 3043/6630 [00:08<00:09, 367.71it/s]
unfitted seed401:  46%|####6     | 3080/6630 [00:08<00:09, 367.42it/s]
unfitted seed401:  47%|####7     | 3117/6630 [00:08<00:09, 359.74it/s]
unfitted seed401:  48%|####7     | 3154/6630 [00:09<00:10, 345.39it/s]
unfitted seed401:  48%|####8     | 3191/6630 [00:09<00:09, 352.28it/s]
unfitted seed401:  49%|####8     | 3227/6630 [00:09<00:10, 337.80it/s]
unfitted seed401:  49%|####9     | 3261/6630 [00:09<00:10, 334.10it/s]
unfitted seed401:  50%|####9     | 3299/6630 [00:09<00:09, 342.10it/s]
unfitted seed401:  50%|#####     | 3337/6630 [00:09<00:09, 350.62it/s]
unfitted seed401:  51%|#####     | 3374/6630 [00:09<00:09, 354.51it/s]
unfitted seed401:  51%|#####1    | 3410/6630 [00:09<00:09, 354.58it/s]
unfitted seed401:  52%|#####1    | 3446/6630 [00:09<00:09, 347.66it/s]
unfitted seed401:  53%|#####2    | 3481/6630 [00:10<00:09, 345.88it/s]
unfitted seed401:  53%|#####3    | 3516/6630 [00:10<00:09, 340.93it/s]
unfitted seed401:  54%|#####3    | 3552/6630 [00:10<00:08, 346.25it/s]
unfitted seed401:  54%|#####4    | 3589/6630 [00:10<00:08, 352.16it/s]
unfitted seed401:  55%|#####4    | 3630/6630 [00:10<00:08, 367.04it/s]
unfitted seed401:  55%|#####5    | 3667/6630 [00:10<00:08, 356.34it/s]
unfitted seed401:  56%|#####5    | 3703/6630 [00:10<00:08, 348.58it/s]
unfitted seed401:  56%|#####6    | 3739/6630 [00:10<00:08, 350.85it/s]
unfitted seed401:  57%|#####6    | 3776/6630 [00:10<00:08, 354.82it/s]
unfitted seed401:  57%|#####7    | 3812/6630 [00:10<00:07, 355.89it/s]
unfitted seed401:  58%|#####8    | 3848/6630 [00:11<00:08, 341.29it/s]
unfitted seed401:  59%|#####8    | 3883/6630 [00:11<00:08, 331.37it/s]
unfitted seed401:  59%|#####9    | 3918/6630 [00:11<00:08, 334.45it/s]
unfitted seed401:  60%|#####9    | 3952/6630 [00:11<00:08, 325.21it/s]
unfitted seed401:  60%|######    | 3985/6630 [00:11<00:09, 277.62it/s]
unfitted seed401:  61%|######    | 4014/6630 [00:11<00:09, 269.32it/s]
unfitted seed401:  61%|######    | 4043/6630 [00:11<00:09, 273.72it/s]
unfitted seed401:  61%|######1   | 4071/6630 [00:11<00:09, 272.64it/s]
unfitted seed401:  62%|######1   | 4099/6630 [00:11<00:09, 267.33it/s]
unfitted seed401:  62%|######2   | 4129/6630 [00:12<00:09, 275.92it/s]
unfitted seed401:  63%|######2   | 4164/6630 [00:12<00:08, 296.81it/s]
unfitted seed401:  63%|######3   | 4197/6630 [00:12<00:07, 306.35it/s]
unfitted seed401:  64%|######3   | 4235/6630 [00:12<00:07, 325.24it/s]
unfitted seed401:  64%|######4   | 4271/6630 [00:12<00:07, 333.20it/s]
unfitted seed401:  65%|######4   | 4305/6630 [00:12<00:07, 323.30it/s]
unfitted seed401:  65%|######5   | 4340/6630 [00:12<00:06, 330.65it/s]
unfitted seed401:  66%|######5   | 4375/6630 [00:12<00:06, 335.15it/s]
unfitted seed401:  67%|######6   | 4409/6630 [00:12<00:06, 335.40it/s]
unfitted seed401:  67%|######7   | 4443/6630 [00:13<00:06, 319.92it/s]
unfitted seed401:  68%|######7   | 4476/6630 [00:13<00:06, 311.64it/s]
unfitted seed401:  68%|######7   | 4508/6630 [00:13<00:06, 306.79it/s]
unfitted seed401:  68%|######8   | 4539/6630 [00:13<00:06, 304.49it/s]
unfitted seed401:  69%|######8   | 4570/6630 [00:13<00:06, 302.27it/s]
unfitted seed401:  69%|######9   | 4601/6630 [00:13<00:06, 294.15it/s]
unfitted seed401:  70%|######9   | 4631/6630 [00:13<00:06, 290.33it/s]
unfitted seed401:  70%|#######   | 4662/6630 [00:13<00:06, 294.72it/s]
unfitted seed401:  71%|#######   | 4692/6630 [00:13<00:06, 294.17it/s]
unfitted seed401:  71%|#######1  | 4722/6630 [00:13<00:06, 291.78it/s]
unfitted seed401:  72%|#######1  | 4752/6630 [00:14<00:06, 293.88it/s]
unfitted seed401:  72%|#######2  | 4782/6630 [00:14<00:06, 288.64it/s]
unfitted seed401:  73%|#######2  | 4813/6630 [00:14<00:06, 294.61it/s]
unfitted seed401:  73%|#######3  | 4843/6630 [00:14<00:06, 290.11it/s]
unfitted seed401:  74%|#######3  | 4874/6630 [00:14<00:05, 294.28it/s]
unfitted seed401:  74%|#######3  | 4904/6630 [00:14<00:06, 281.50it/s]
unfitted seed401:  74%|#######4  | 4933/6630 [00:14<00:06, 281.66it/s]
unfitted seed401:  75%|#######4  | 4964/6630 [00:14<00:05, 288.76it/s]
unfitted seed401:  75%|#######5  | 4994/6630 [00:14<00:05, 290.85it/s]
unfitted seed401:  76%|#######5  | 5024/6630 [00:15<00:05, 281.97it/s]
unfitted seed401:  76%|#######6  | 5053/6630 [00:15<00:05, 282.86it/s]
unfitted seed401:  77%|#######6  | 5088/6630 [00:15<00:05, 300.27it/s]
unfitted seed401:  77%|#######7  | 5121/6630 [00:15<00:04, 308.55it/s]
unfitted seed401:  78%|#######7  | 5152/6630 [00:15<00:04, 303.08it/s]
unfitted seed401:  78%|#######8  | 5184/6630 [00:15<00:04, 305.85it/s]
unfitted seed401:  79%|#######8  | 5215/6630 [00:15<00:04, 296.33it/s]
unfitted seed401:  79%|#######9  | 5250/6630 [00:15<00:04, 309.99it/s]
unfitted seed401:  80%|#######9  | 5282/6630 [00:15<00:04, 303.94it/s]
unfitted seed401:  80%|########  | 5313/6630 [00:15<00:04, 293.87it/s]
unfitted seed401:  81%|########  | 5344/6630 [00:16<00:04, 297.98it/s]
unfitted seed401:  81%|########1 | 5378/6630 [00:16<00:04, 308.44it/s]
unfitted seed401:  82%|########1 | 5412/6630 [00:16<00:03, 314.93it/s]
unfitted seed401:  82%|########2 | 5444/6630 [00:16<00:03, 309.53it/s]
unfitted seed401:  83%|########2 | 5476/6630 [00:16<00:03, 304.07it/s]
unfitted seed401:  83%|########3 | 5509/6630 [00:16<00:03, 306.62it/s]
unfitted seed401:  84%|########3 | 5540/6630 [00:16<00:03, 305.07it/s]
unfitted seed401:  84%|########4 | 5571/6630 [00:16<00:03, 304.49it/s]
unfitted seed401:  85%|########4 | 5606/6630 [00:16<00:03, 316.13it/s]
unfitted seed401:  85%|########5 | 5639/6630 [00:17<00:03, 318.92it/s]
unfitted seed401:  86%|########5 | 5673/6630 [00:17<00:02, 325.11it/s]
unfitted seed401:  86%|########6 | 5706/6630 [00:17<00:02, 319.65it/s]
unfitted seed401:  87%|########6 | 5739/6630 [00:17<00:02, 319.95it/s]
unfitted seed401:  87%|########7 | 5774/6630 [00:17<00:02, 327.65it/s]
unfitted seed401:  88%|########7 | 5807/6630 [00:17<00:02, 323.47it/s]
unfitted seed401:  88%|########8 | 5841/6630 [00:17<00:02, 324.54it/s]
unfitted seed401:  89%|########8 | 5874/6630 [00:17<00:02, 317.66it/s]
unfitted seed401:  89%|########9 | 5907/6630 [00:17<00:02, 318.54it/s]
unfitted seed401:  90%|########9 | 5939/6630 [00:17<00:02, 317.06it/s]
unfitted seed401:  90%|######### | 5971/6630 [00:18<00:02, 307.91it/s]
unfitted seed401:  91%|######### | 6007/6630 [00:18<00:01, 321.29it/s]
unfitted seed401:  91%|#########1| 6040/6630 [00:18<00:01, 309.38it/s]
unfitted seed401:  92%|#########1| 6077/6630 [00:18<00:01, 324.03it/s]
unfitted seed401:  92%|#########2| 6111/6630 [00:18<00:01, 327.95it/s]
unfitted seed401:  93%|#########2| 6144/6630 [00:18<00:01, 322.46it/s]
unfitted seed401:  93%|#########3| 6177/6630 [00:18<00:01, 313.24it/s]
unfitted seed401:  94%|#########3| 6209/6630 [00:18<00:01, 303.07it/s]
unfitted seed401:  94%|#########4| 6245/6630 [00:18<00:01, 317.52it/s]
unfitted seed401:  95%|#########4| 6278/6630 [00:19<00:01, 318.00it/s]
unfitted seed401:  95%|#########5| 6311/6630 [00:19<00:01, 317.07it/s]
unfitted seed401:  96%|#########5| 6345/6630 [00:19<00:00, 320.16it/s]
unfitted seed401:  96%|#########6| 6378/6630 [00:19<00:00, 319.48it/s]
unfitted seed401:  97%|#########6| 6410/6630 [00:19<00:00, 313.87it/s]
unfitted seed401:  97%|#########7| 6445/6630 [00:19<00:00, 321.93it/s]
unfitted seed401:  98%|#########7| 6478/6630 [00:19<00:00, 316.67it/s]
unfitted seed401:  98%|#########8| 6511/6630 [00:19<00:00, 317.89it/s]
unfitted seed401:  99%|#########8| 6546/6630 [00:19<00:00, 325.98it/s]
unfitted seed401:  99%|#########9| 6581/6630 [00:19<00:00, 329.27it/s]
unfitted seed401: 100%|#########9| 6614/6630 [00:20<00:00, 325.53it/s]
unfitted seed401: 100%|##########| 6630/6630 [00:20<00:00, 329.78it/s]
finished unfitted 401

unfitted seed402:   0%|          | 0/6630 [00:00<?, ?it/s]
unfitted seed402:   1%|          | 38/6630 [00:00<00:17, 377.86it/s]
unfitted seed402:   1%|1         | 78/6630 [00:00<00:16, 390.35it/s]
unfitted seed402:   2%|1         | 120/6630 [00:00<00:16, 403.56it/s]
unfitted seed402:   2%|2         | 164/6630 [00:00<00:15, 416.50it/s]
unfitted seed402:   3%|3         | 206/6630 [00:00<00:15, 414.95it/s]
unfitted seed402:   4%|3         | 249/6630 [00:00<00:15, 417.70it/s]
unfitted seed402:   4%|4         | 292/6630 [00:00<00:15, 419.32it/s]
unfitted seed402:   5%|5         | 335/6630 [00:00<00:15, 419.49it/s]
unfitted seed402:   6%|5         | 379/6630 [00:00<00:14, 425.54it/s]
unfitted seed402:   6%|6         | 422/6630 [00:01<00:14, 419.49it/s]
unfitted seed402:   7%|6         | 464/6630 [00:01<00:14, 418.06it/s]
unfitted seed402:   8%|7         | 506/6630 [00:01<00:14, 418.04it/s]
unfitted seed402:   8%|8         | 549/6630 [00:01<00:14, 420.13it/s]
unfitted seed402:   9%|8         | 592/6630 [00:01<00:14, 414.71it/s]
unfitted seed402:  10%|9         | 634/6630 [00:01<00:14, 412.95it/s]
unfitted seed402:  10%|#         | 678/6630 [00:01<00:14, 418.88it/s]
unfitted seed402:  11%|#         | 723/6630 [00:01<00:13, 425.86it/s]
unfitted seed402:  12%|#1        | 766/6630 [00:01<00:14, 418.15it/s]
unfitted seed402:  12%|#2        | 808/6630 [00:01<00:14, 411.97it/s]
unfitted seed402:  13%|#2        | 850/6630 [00:02<00:14, 412.71it/s]
unfitted seed402:  13%|#3        | 892/6630 [00:02<00:13, 412.80it/s]
unfitted seed402:  14%|#4        | 934/6630 [00:02<00:15, 376.90it/s]
unfitted seed402:  15%|#4        | 976/6630 [00:02<00:14, 386.83it/s]
unfitted seed402:  15%|#5        | 1019/6630 [00:02<00:14, 396.55it/s]
unfitted seed402:  16%|#5        | 1060/6630 [00:02<00:14, 392.58it/s]
unfitted seed402:  17%|#6        | 1101/6630 [00:02<00:13, 397.07it/s]
unfitted seed402:  17%|#7        | 1143/6630 [00:02<00:13, 402.09it/s]
unfitted seed402:  18%|#7        | 1187/6630 [00:02<00:13, 412.46it/s]
unfitted seed402:  19%|#8        | 1230/6630 [00:02<00:13, 415.02it/s]
unfitted seed402:  19%|#9        | 1272/6630 [00:03<00:13, 409.60it/s]
unfitted seed402:  20%|#9        | 1314/6630 [00:03<00:12, 409.72it/s]
unfitted seed402:  20%|##        | 1356/6630 [00:03<00:12, 409.50it/s]
unfitted seed402:  21%|##1       | 1399/6630 [00:03<00:12, 412.68it/s]
unfitted seed402:  22%|##1       | 1441/6630 [00:03<00:12, 414.01it/s]
unfitted seed402:  22%|##2       | 1483/6630 [00:03<00:12, 409.25it/s]
unfitted seed402:  23%|##2       | 1524/6630 [00:03<00:12, 404.71it/s]
unfitted seed402:  24%|##3       | 1565/6630 [00:03<00:12, 404.14it/s]
unfitted seed402:  24%|##4       | 1606/6630 [00:03<00:12, 402.92it/s]
unfitted seed402:  25%|##4       | 1647/6630 [00:04<00:12, 394.63it/s]
unfitted seed402:  25%|##5       | 1688/6630 [00:04<00:12, 396.41it/s]
unfitted seed402:  26%|##6       | 1730/6630 [00:04<00:12, 402.04it/s]
unfitted seed402:  27%|##6       | 1771/6630 [00:04<00:12, 377.27it/s]
unfitted seed402:  27%|##7       | 1810/6630 [00:04<00:12, 375.41it/s]
unfitted seed402:  28%|##7       | 1851/6630 [00:04<00:12, 384.75it/s]
unfitted seed402:  29%|##8       | 1892/6630 [00:04<00:12, 390.43it/s]
unfitted seed402:  29%|##9       | 1932/6630 [00:04<00:12, 391.31it/s]
unfitted seed402:  30%|##9       | 1975/6630 [00:04<00:11, 399.94it/s]
unfitted seed402:  30%|###       | 2016/6630 [00:04<00:11, 400.06it/s]
unfitted seed402:  31%|###1      | 2057/6630 [00:05<00:11, 400.96it/s]
unfitted seed402:  32%|###1      | 2098/6630 [00:05<00:11, 397.59it/s]
unfitted seed402:  32%|###2      | 2140/6630 [00:05<00:11, 403.24it/s]
unfitted seed402:  33%|###2      | 2181/6630 [00:05<00:11, 391.65it/s]
unfitted seed402:  33%|###3      | 2221/6630 [00:05<00:11, 373.72it/s]
unfitted seed402:  34%|###4      | 2259/6630 [00:05<00:12, 348.77it/s]
unfitted seed402:  35%|###4      | 2297/6630 [00:05<00:12, 355.06it/s]
unfitted seed402:  35%|###5      | 2336/6630 [00:05<00:11, 362.49it/s]
unfitted seed402:  36%|###5      | 2373/6630 [00:05<00:11, 363.29it/s]
unfitted seed402:  36%|###6      | 2411/6630 [00:06<00:11, 367.94it/s]
unfitted seed402:  37%|###6      | 2449/6630 [00:06<00:11, 370.63it/s]
unfitted seed402:  38%|###7      | 2488/6630 [00:06<00:11, 376.09it/s]
unfitted seed402:  38%|###8      | 2526/6630 [00:06<00:10, 373.59it/s]
unfitted seed402:  39%|###8      | 2566/6630 [00:06<00:10, 380.91it/s]
unfitted seed402:  39%|###9      | 2605/6630 [00:06<00:10, 377.56it/s]
unfitted seed402:  40%|###9      | 2643/6630 [00:06<00:10, 366.98it/s]
unfitted seed402:  40%|####      | 2682/6630 [00:06<00:10, 372.74it/s]
unfitted seed402:  41%|####1     | 2721/6630 [00:06<00:10, 375.93it/s]
unfitted seed402:  42%|####1     | 2761/6630 [00:06<00:10, 379.89it/s]
unfitted seed402:  42%|####2     | 2800/6630 [00:07<00:10, 377.29it/s]
unfitted seed402:  43%|####2     | 2838/6630 [00:07<00:10, 360.37it/s]
unfitted seed402:  43%|####3     | 2877/6630 [00:07<00:10, 367.51it/s]
unfitted seed402:  44%|####3     | 2916/6630 [00:07<00:09, 373.21it/s]
unfitted seed402:  45%|####4     | 2955/6630 [00:07<00:09, 377.00it/s]
unfitted seed402:  45%|####5     | 2993/6630 [00:07<00:09, 367.40it/s]
unfitted seed402:  46%|####5     | 3030/6630 [00:07<00:10, 358.33it/s]
unfitted seed402:  46%|####6     | 3067/6630 [00:07<00:09, 361.53it/s]
unfitted seed402:  47%|####6     | 3106/6630 [00:07<00:09, 368.61it/s]
unfitted seed402:  47%|####7     | 3143/6630 [00:08<00:09, 365.81it/s]
unfitted seed402:  48%|####7     | 3180/6630 [00:08<00:09, 361.68it/s]
unfitted seed402:  49%|####8     | 3217/6630 [00:08<00:09, 360.54it/s]
unfitted seed402:  49%|####9     | 3254/6630 [00:08<00:09, 363.22it/s]
unfitted seed402:  50%|####9     | 3292/6630 [00:08<00:09, 368.03it/s]
unfitted seed402:  50%|#####     | 3330/6630 [00:08<00:08, 371.22it/s]
unfitted seed402:  51%|#####     | 3368/6630 [00:08<00:08, 370.80it/s]
unfitted seed402:  51%|#####1    | 3406/6630 [00:08<00:08, 363.95it/s]
unfitted seed402:  52%|#####1    | 3443/6630 [00:08<00:08, 362.36it/s]
unfitted seed402:  52%|#####2    | 3480/6630 [00:08<00:08, 355.19it/s]
unfitted seed402:  53%|#####3    | 3517/6630 [00:09<00:08, 357.92it/s]
unfitted seed402:  54%|#####3    | 3555/6630 [00:09<00:08, 363.97it/s]
unfitted seed402:  54%|#####4    | 3594/6630 [00:09<00:08, 370.59it/s]
unfitted seed402:  55%|#####4    | 3633/6630 [00:09<00:08, 373.73it/s]
unfitted seed402:  55%|#####5    | 3671/6630 [00:09<00:07, 373.76it/s]
unfitted seed402:  56%|#####5    | 3709/6630 [00:09<00:07, 373.59it/s]
unfitted seed402:  57%|#####6    | 3747/6630 [00:09<00:07, 363.28it/s]
unfitted seed402:  57%|#####7    | 3784/6630 [00:09<00:07, 360.21it/s]
unfitted seed402:  58%|#####7    | 3821/6630 [00:09<00:07, 360.94it/s]
unfitted seed402:  58%|#####8    | 3858/6630 [00:09<00:07, 362.38it/s]
unfitted seed402:  59%|#####8    | 3895/6630 [00:10<00:07, 355.66it/s]
unfitted seed402:  59%|#####9    | 3933/6630 [00:10<00:07, 360.23it/s]
unfitted seed402:  60%|#####9    | 3970/6630 [00:10<00:07, 361.03it/s]
unfitted seed402:  60%|######    | 4007/6630 [00:10<00:07, 362.73it/s]
unfitted seed402:  61%|######    | 4044/6630 [00:10<00:07, 358.09it/s]
unfitted seed402:  62%|######1   | 4080/6630 [00:10<00:07, 350.79it/s]
unfitted seed402:  62%|######2   | 4116/6630 [00:10<00:07, 346.70it/s]
unfitted seed402:  63%|######2   | 4153/6630 [00:10<00:07, 349.54it/s]
unfitted seed402:  63%|######3   | 4190/6630 [00:10<00:06, 355.33it/s]
unfitted seed402:  64%|######3   | 4226/6630 [00:11<00:06, 353.24it/s]
unfitted seed402:  64%|######4   | 4263/6630 [00:11<00:06, 355.19it/s]
unfitted seed402:  65%|######4   | 4301/6630 [00:11<00:06, 360.42it/s]
unfitted seed402:  65%|######5   | 4338/6630 [00:11<00:06, 357.85it/s]
unfitted seed402:  66%|######5   | 4375/6630 [00:11<00:06, 358.55it/s]
unfitted seed402:  67%|######6   | 4411/6630 [00:11<00:06, 358.80it/s]
unfitted seed402:  67%|######7   | 4447/6630 [00:11<00:06, 341.11it/s]
unfitted seed402:  68%|######7   | 4482/6630 [00:11<00:06, 339.07it/s]
unfitted seed402:  68%|######8   | 4517/6630 [00:11<00:06, 339.46it/s]
unfitted seed402:  69%|######8   | 4552/6630 [00:11<00:06, 341.51it/s]
unfitted seed402:  69%|######9   | 4587/6630 [00:12<00:05, 342.09it/s]
unfitted seed402:  70%|######9   | 4622/6630 [00:12<00:05, 337.89it/s]
unfitted seed402:  70%|#######   | 4659/6630 [00:12<00:05, 344.29it/s]
unfitted seed402:  71%|#######   | 4695/6630 [00:12<00:05, 347.36it/s]
unfitted seed402:  71%|#######1  | 4731/6630 [00:12<00:05, 350.63it/s]
unfitted seed402:  72%|#######1  | 4767/6630 [00:12<00:05, 350.37it/s]
unfitted seed402:  72%|#######2  | 4803/6630 [00:12<00:05, 343.06it/s]
unfitted seed402:  73%|#######2  | 4838/6630 [00:12<00:05, 342.67it/s]
unfitted seed402:  73%|#######3  | 4873/6630 [00:12<00:05, 342.92it/s]
unfitted seed402:  74%|#######4  | 4908/6630 [00:12<00:04, 344.69it/s]
unfitted seed402:  75%|#######4  | 4943/6630 [00:13<00:04, 342.13it/s]
unfitted seed402:  75%|#######5  | 4978/6630 [00:13<00:04, 331.62it/s]
unfitted seed402:  76%|#######5  | 5012/6630 [00:13<00:04, 329.09it/s]
unfitted seed402:  76%|#######6  | 5045/6630 [00:13<00:04, 328.56it/s]
unfitted seed402:  77%|#######6  | 5078/6630 [00:13<00:04, 315.04it/s]
unfitted seed402:  77%|#######7  | 5112/6630 [00:13<00:04, 319.90it/s]
unfitted seed402:  78%|#######7  | 5145/6630 [00:13<00:04, 315.72it/s]
unfitted seed402:  78%|#######8  | 5179/6630 [00:13<00:04, 321.84it/s]
unfitted seed402:  79%|#######8  | 5212/6630 [00:13<00:04, 322.12it/s]
unfitted seed402:  79%|#######9  | 5245/6630 [00:14<00:04, 322.96it/s]
unfitted seed402:  80%|#######9  | 5278/6630 [00:14<00:04, 315.00it/s]
unfitted seed402:  80%|########  | 5310/6630 [00:14<00:04, 314.13it/s]
unfitted seed402:  81%|########  | 5342/6630 [00:14<00:04, 313.96it/s]
unfitted seed402:  81%|########1 | 5375/6630 [00:14<00:03, 317.64it/s]
unfitted seed402:  82%|########1 | 5408/6630 [00:14<00:03, 320.99it/s]
unfitted seed402:  82%|########2 | 5442/6630 [00:14<00:03, 324.69it/s]
unfitted seed402:  83%|########2 | 5475/6630 [00:14<00:03, 312.48it/s]
unfitted seed402:  83%|########3 | 5509/6630 [00:14<00:03, 319.67it/s]
unfitted seed402:  84%|########3 | 5543/6630 [00:14<00:03, 325.22it/s]
unfitted seed402:  84%|########4 | 5576/6630 [00:15<00:03, 318.94it/s]
unfitted seed402:  85%|########4 | 5608/6630 [00:15<00:03, 317.12it/s]
unfitted seed402:  85%|########5 | 5640/6630 [00:15<00:03, 316.64it/s]
unfitted seed402:  86%|########5 | 5676/6630 [00:15<00:02, 327.83it/s]
unfitted seed402:  86%|########6 | 5709/6630 [00:15<00:02, 326.04it/s]
unfitted seed402:  87%|########6 | 5745/6630 [00:15<00:02, 334.54it/s]
unfitted seed402:  87%|########7 | 5779/6630 [00:15<00:02, 328.59it/s]
unfitted seed402:  88%|########7 | 5812/6630 [00:15<00:02, 324.23it/s]
unfitted seed402:  88%|########8 | 5846/6630 [00:15<00:02, 327.58it/s]
unfitted seed402:  89%|########8 | 5880/6630 [00:16<00:02, 331.03it/s]
unfitted seed402:  89%|########9 | 5916/6630 [00:16<00:02, 339.52it/s]
unfitted seed402:  90%|########9 | 5950/6630 [00:16<00:02, 329.59it/s]
unfitted seed402:  90%|######### | 5984/6630 [00:16<00:01, 328.83it/s]
unfitted seed402:  91%|######### | 6017/6630 [00:16<00:01, 319.51it/s]
unfitted seed402:  91%|#########1| 6051/6630 [00:16<00:01, 324.87it/s]
unfitted seed402:  92%|#########1| 6084/6630 [00:16<00:01, 319.87it/s]
unfitted seed402:  92%|#########2| 6117/6630 [00:16<00:01, 322.07it/s]
unfitted seed402:  93%|#########2| 6154/6630 [00:16<00:01, 335.87it/s]
unfitted seed402:  93%|#########3| 6188/6630 [00:16<00:01, 326.13it/s]
unfitted seed402:  94%|#########3| 6221/6630 [00:17<00:01, 322.52it/s]
unfitted seed402:  94%|#########4| 6258/6630 [00:17<00:01, 334.14it/s]
unfitted seed402:  95%|#########4| 6292/6630 [00:17<00:01, 327.95it/s]
unfitted seed402:  95%|#########5| 6325/6630 [00:17<00:00, 323.05it/s]
unfitted seed402:  96%|#########5| 6358/6630 [00:17<00:00, 319.53it/s]
unfitted seed402:  96%|#########6| 6394/6630 [00:17<00:00, 331.14it/s]
unfitted seed402:  97%|#########6| 6428/6630 [00:17<00:00, 328.98it/s]
unfitted seed402:  97%|#########7| 6461/6630 [00:17<00:00, 315.30it/s]
unfitted seed402:  98%|#########7| 6496/6630 [00:17<00:00, 322.82it/s]
unfitted seed402:  98%|#########8| 6529/6630 [00:18<00:00, 315.19it/s]
unfitted seed402:  99%|#########8| 6561/6630 [00:18<00:00, 315.62it/s]
unfitted seed402:  99%|#########9| 6593/6630 [00:18<00:00, 311.51it/s]
unfitted seed402: 100%|#########9| 6625/6630 [00:18<00:00, 305.65it/s]
unfitted seed402: 100%|##########| 6630/6630 [00:18<00:00, 361.13it/s]
finished unfitted 402

shared seed401:   0%|          | 0/26430 [00:00<?, ?it/s]
shared seed401:   0%|          | 40/26430 [00:00<01:06, 396.07it/s]
shared seed401:   0%|          | 81/26430 [00:00<01:05, 400.40it/s]
shared seed401:   0%|          | 124/26430 [00:00<01:04, 410.09it/s]
shared seed401:   1%|          | 166/26430 [00:00<01:04, 408.06it/s]
shared seed401:   1%|          | 207/26430 [00:00<01:06, 394.79it/s]
shared seed401:   1%|          | 248/26430 [00:00<01:05, 399.40it/s]
shared seed401:   1%|1         | 290/26430 [00:00<01:04, 405.97it/s]
shared seed401:   1%|1         | 331/26430 [00:00<01:04, 405.57it/s]
shared seed401:   1%|1         | 372/26430 [00:00<01:04, 403.83it/s]
shared seed401:   2%|1         | 413/26430 [00:01<01:05, 394.89it/s]
shared seed401:   2%|1         | 453/26430 [00:01<01:12, 358.55it/s]
shared seed401:   2%|1         | 491/26430 [00:01<01:11, 364.10it/s]
shared seed401:   2%|1         | 528/26430 [00:01<01:11, 363.86it/s]
shared seed401:   2%|2         | 565/26430 [00:01<01:11, 359.56it/s]
shared seed401:   2%|2         | 602/26430 [00:01<01:11, 359.39it/s]
shared seed401:   2%|2         | 639/26430 [00:01<01:11, 358.64it/s]
shared seed401:   3%|2         | 675/26430 [00:01<01:11, 358.06it/s]
shared seed401:   3%|2         | 712/26430 [00:01<01:11, 360.62it/s]
shared seed401:   3%|2         | 750/26430 [00:01<01:10, 363.70it/s]
shared seed401:   3%|2         | 788/26430 [00:02<01:09, 368.04it/s]
shared seed401:   3%|3         | 825/26430 [00:02<01:12, 353.75it/s]
shared seed401:   3%|3         | 861/26430 [00:02<01:15, 338.82it/s]
shared seed401:   3%|3         | 899/26430 [00:02<01:13, 348.20it/s]
shared seed401:   4%|3         | 934/26430 [00:02<01:13, 346.50it/s]
shared seed401:   4%|3         | 972/26430 [00:02<01:11, 355.63it/s]
shared seed401:   4%|3         | 1013/26430 [00:02<01:08, 371.25it/s]
shared seed401:   4%|3         | 1053/26430 [00:02<01:07, 377.98it/s]
shared seed401:   4%|4         | 1096/26430 [00:02<01:04, 391.87it/s]
shared seed401:   4%|4         | 1136/26430 [00:03<01:04, 393.79it/s]
shared seed401:   4%|4         | 1177/26430 [00:03<01:03, 395.49it/s]
shared seed401:   5%|4         | 1218/26430 [00:03<01:03, 397.01it/s]
shared seed401:   5%|4         | 1258/26430 [00:03<01:03, 396.72it/s]
shared seed401:   5%|4         | 1298/26430 [00:03<01:03, 394.89it/s]
shared seed401:   5%|5         | 1338/26430 [00:03<01:04, 386.96it/s]
shared seed401:   5%|5         | 1377/26430 [00:03<01:05, 380.99it/s]
shared seed401:   5%|5         | 1416/26430 [00:03<01:05, 383.39it/s]
shared seed401:   6%|5         | 1458/26430 [00:03<01:03, 392.27it/s]
shared seed401:   6%|5         | 1498/26430 [00:03<01:04, 387.94it/s]
shared seed401:   6%|5         | 1537/26430 [00:04<01:05, 378.80it/s]
shared seed401:   6%|5         | 1578/26430 [00:04<01:04, 386.81it/s]
shared seed401:   6%|6         | 1619/26430 [00:04<01:03, 392.41it/s]
shared seed401:   6%|6         | 1660/26430 [00:04<01:02, 396.17it/s]
shared seed401:   6%|6         | 1700/26430 [00:04<01:03, 392.13it/s]
shared seed401:   7%|6         | 1740/26430 [00:04<01:03, 388.53it/s]
shared seed401:   7%|6         | 1781/26430 [00:04<01:02, 392.42it/s]
shared seed401:   7%|6         | 1822/26430 [00:04<01:02, 396.36it/s]
shared seed401:   7%|7         | 1862/26430 [00:04<01:02, 395.96it/s]
shared seed401:   7%|7         | 1904/26430 [00:04<01:01, 400.38it/s]
shared seed401:   7%|7         | 1945/26430 [00:05<01:01, 396.81it/s]
shared seed401:   8%|7         | 1985/26430 [00:05<01:01, 396.19it/s]
shared seed401:   8%|7         | 2025/26430 [00:05<01:02, 390.76it/s]
shared seed401:   8%|7         | 2065/26430 [00:05<01:02, 388.75it/s]
shared seed401:   8%|7         | 2105/26430 [00:05<01:02, 391.82it/s]
shared seed401:   8%|8         | 2145/26430 [00:05<01:02, 389.04it/s]
shared seed401:   8%|8         | 2185/26430 [00:05<01:02, 390.35it/s]
shared seed401:   8%|8         | 2225/26430 [00:05<01:01, 392.02it/s]
shared seed401:   9%|8         | 2267/26430 [00:05<01:00, 398.46it/s]
shared seed401:   9%|8         | 2307/26430 [00:06<01:00, 395.83it/s]
shared seed401:   9%|8         | 2347/26430 [00:06<01:00, 395.82it/s]
shared seed401:   9%|9         | 2388/26430 [00:06<01:00, 396.67it/s]
shared seed401:   9%|9         | 2428/26430 [00:06<01:00, 396.87it/s]
shared seed401:   9%|9         | 2469/26430 [00:06<01:00, 399.29it/s]
shared seed401:   9%|9         | 2509/26430 [00:06<01:00, 394.87it/s]
shared seed401:  10%|9         | 2549/26430 [00:06<01:02, 382.61it/s]
shared seed401:  10%|9         | 2588/26430 [00:06<01:03, 372.63it/s]
shared seed401:  10%|9         | 2628/26430 [00:06<01:02, 380.10it/s]
shared seed401:  10%|#         | 2669/26430 [00:06<01:01, 387.64it/s]
shared seed401:  10%|#         | 2710/26430 [00:07<01:00, 392.26it/s]
shared seed401:  10%|#         | 2750/26430 [00:07<01:00, 393.04it/s]
shared seed401:  11%|#         | 2791/26430 [00:07<00:59, 397.08it/s]
shared seed401:  11%|#         | 2831/26430 [00:07<01:00, 390.86it/s]
shared seed401:  11%|#         | 2871/26430 [00:07<01:00, 391.79it/s]
shared seed401:  11%|#1        | 2911/26430 [00:07<01:01, 384.98it/s]
shared seed401:  11%|#1        | 2950/26430 [00:07<01:01, 379.57it/s]
shared seed401:  11%|#1        | 2988/26430 [00:07<01:03, 369.88it/s]
shared seed401:  11%|#1        | 3027/26430 [00:07<01:02, 374.21it/s]
shared seed401:  12%|#1        | 3066/26430 [00:07<01:01, 378.74it/s]
shared seed401:  12%|#1        | 3106/26430 [00:08<01:00, 382.99it/s]
shared seed401:  12%|#1        | 3147/26430 [00:08<00:59, 388.18it/s]
shared seed401:  12%|#2        | 3187/26430 [00:08<00:59, 391.36it/s]
shared seed401:  12%|#2        | 3227/26430 [00:08<00:59, 389.26it/s]
shared seed401:  12%|#2        | 3267/26430 [00:08<00:59, 390.31it/s]
shared seed401:  13%|#2        | 3307/26430 [00:08<01:00, 385.19it/s]
shared seed401:  13%|#2        | 3348/26430 [00:08<00:59, 389.52it/s]
shared seed401:  13%|#2        | 3387/26430 [00:08<00:59, 388.16it/s]
shared seed401:  13%|#2        | 3428/26430 [00:08<00:58, 391.35it/s]
shared seed401:  13%|#3        | 3468/26430 [00:09<00:59, 388.81it/s]
shared seed401:  13%|#3        | 3510/26430 [00:09<00:57, 395.83it/s]
shared seed401:  13%|#3        | 3551/26430 [00:09<00:57, 398.86it/s]
shared seed401:  14%|#3        | 3591/26430 [00:09<00:57, 398.43it/s]
shared seed401:  14%|#3        | 3631/26430 [00:09<00:57, 396.00it/s]
shared seed401:  14%|#3        | 3671/26430 [00:09<00:58, 389.01it/s]
shared seed401:  14%|#4        | 3710/26430 [00:09<00:59, 382.39it/s]
shared seed401:  14%|#4        | 3751/26430 [00:09<00:58, 388.04it/s]
shared seed401:  14%|#4        | 3791/26430 [00:09<00:57, 391.39it/s]
shared seed401:  14%|#4        | 3832/26430 [00:09<00:57, 396.01it/s]
shared seed401:  15%|#4        | 3874/26430 [00:10<00:56, 401.53it/s]
shared seed401:  15%|#4        | 3915/26430 [00:10<00:56, 396.27it/s]
shared seed401:  15%|#4        | 3956/26430 [00:10<00:56, 398.66it/s]
shared seed401:  15%|#5        | 3996/26430 [00:10<00:56, 398.64it/s]
shared seed401:  15%|#5        | 4036/26430 [00:10<00:56, 398.60it/s]
shared seed401:  15%|#5        | 4077/26430 [00:10<00:55, 401.80it/s]
shared seed401:  16%|#5        | 4118/26430 [00:10<00:56, 392.09it/s]
shared seed401:  16%|#5        | 4158/26430 [00:10<00:56, 391.82it/s]
shared seed401:  16%|#5        | 4198/26430 [00:10<00:56, 392.54it/s]
shared seed401:  16%|#6        | 4238/26430 [00:10<00:56, 389.73it/s]
shared seed401:  16%|#6        | 4278/26430 [00:11<00:56, 391.28it/s]
shared seed401:  16%|#6        | 4318/26430 [00:11<00:57, 387.41it/s]
shared seed401:  16%|#6        | 4357/26430 [00:11<00:57, 386.05it/s]
shared seed401:  17%|#6        | 4396/26430 [00:11<00:57, 384.53it/s]
shared seed401:  17%|#6        | 4437/26430 [00:11<00:56, 389.93it/s]
shared seed401:  17%|#6        | 4478/26430 [00:11<00:55, 394.05it/s]
shared seed401:  17%|#7        | 4518/26430 [00:11<00:56, 386.93it/s]
shared seed401:  17%|#7        | 4558/26430 [00:11<00:56, 388.63it/s]
shared seed401:  17%|#7        | 4598/26430 [00:11<00:55, 391.38it/s]
shared seed401:  18%|#7        | 4639/26430 [00:11<00:55, 394.31it/s]
shared seed401:  18%|#7        | 4679/26430 [00:12<00:55, 391.58it/s]
shared seed401:  18%|#7        | 4719/26430 [00:12<00:55, 391.69it/s]
shared seed401:  18%|#8        | 4759/26430 [00:12<00:57, 378.92it/s]
shared seed401:  18%|#8        | 4798/26430 [00:12<00:56, 381.73it/s]
shared seed401:  18%|#8        | 4838/26430 [00:12<00:55, 385.81it/s]
shared seed401:  18%|#8        | 4877/26430 [00:12<00:56, 381.10it/s]
shared seed401:  19%|#8        | 4916/26430 [00:12<00:56, 378.35it/s]
shared seed401:  19%|#8        | 4954/26430 [00:12<00:58, 369.18it/s]
shared seed401:  19%|#8        | 4995/26430 [00:12<00:56, 379.86it/s]
shared seed401:  19%|#9        | 5034/26430 [00:13<00:56, 380.18it/s]
shared seed401:  19%|#9        | 5073/26430 [00:13<00:56, 380.63it/s]
shared seed401:  19%|#9        | 5113/26430 [00:13<00:55, 385.70it/s]
shared seed401:  19%|#9        | 5152/26430 [00:13<00:55, 384.76it/s]
shared seed401:  20%|#9        | 5191/26430 [00:13<00:55, 383.54it/s]
shared seed401:  20%|#9        | 5230/26430 [00:13<00:55, 384.17it/s]
shared seed401:  20%|#9        | 5269/26430 [00:13<00:55, 381.89it/s]
shared seed401:  20%|##        | 5308/26430 [00:13<00:55, 377.58it/s]
shared seed401:  20%|##        | 5348/26430 [00:13<00:55, 382.19it/s]
shared seed401:  20%|##        | 5387/26430 [00:13<00:55, 380.26it/s]
shared seed401:  21%|##        | 5426/26430 [00:14<00:55, 381.78it/s]
shared seed401:  21%|##        | 5466/26430 [00:14<00:54, 385.82it/s]
shared seed401:  21%|##        | 5507/26430 [00:14<00:53, 389.63it/s]
shared seed401:  21%|##        | 5546/26430 [00:14<00:53, 388.26it/s]
shared seed401:  21%|##1       | 5585/26430 [00:14<00:53, 387.47it/s]
shared seed401:  21%|##1       | 5624/26430 [00:14<00:53, 385.75it/s]
shared seed401:  21%|##1       | 5663/26430 [00:14<00:55, 375.97it/s]
shared seed401:  22%|##1       | 5701/26430 [00:14<00:56, 369.98it/s]
shared seed401:  22%|##1       | 5740/26430 [00:14<00:55, 373.73it/s]
shared seed401:  22%|##1       | 5779/26430 [00:14<00:54, 377.39it/s]
shared seed401:  22%|##2       | 5819/26430 [00:15<00:53, 383.56it/s]
shared seed401:  22%|##2       | 5858/26430 [00:15<00:53, 383.84it/s]
shared seed401:  22%|##2       | 5899/26430 [00:15<00:52, 391.10it/s]
shared seed401:  22%|##2       | 5939/26430 [00:15<00:52, 390.27it/s]
shared seed401:  23%|##2       | 5979/26430 [00:15<00:52, 391.71it/s]
shared seed401:  23%|##2       | 6019/26430 [00:15<00:52, 391.34it/s]
shared seed401:  23%|##2       | 6059/26430 [00:15<00:52, 387.78it/s]
shared seed401:  23%|##3       | 6101/26430 [00:15<00:51, 395.16it/s]
shared seed401:  23%|##3       | 6142/26430 [00:15<00:50, 398.23it/s]
shared seed401:  23%|##3       | 6182/26430 [00:16<00:51, 393.68it/s]
shared seed401:  24%|##3       | 6223/26430 [00:16<00:51, 395.10it/s]
shared seed401:  24%|##3       | 6264/26430 [00:16<00:51, 395.05it/s]
shared seed401:  24%|##3       | 6304/26430 [00:16<00:51, 391.40it/s]
shared seed401:  24%|##4       | 6344/26430 [00:16<00:51, 389.48it/s]
shared seed401:  24%|##4       | 6383/26430 [00:16<00:52, 382.71it/s]
shared seed401:  24%|##4       | 6423/26430 [00:16<00:51, 386.64it/s]
shared seed401:  24%|##4       | 6462/26430 [00:16<00:51, 384.68it/s]
shared seed401:  25%|##4       | 6501/26430 [00:16<00:51, 383.58it/s]
shared seed401:  25%|##4       | 6541/26430 [00:16<00:51, 386.30it/s]
shared seed401:  25%|##4       | 6581/26430 [00:17<00:51, 388.51it/s]
shared seed401:  25%|##5       | 6622/26430 [00:17<00:50, 392.44it/s]
shared seed401:  25%|##5       | 6662/26430 [00:17<00:50, 394.58it/s]
shared seed401:  25%|##5       | 6703/26430 [00:17<00:49, 397.37it/s]
shared seed401:  26%|##5       | 6743/26430 [00:17<00:49, 395.33it/s]
shared seed401:  26%|##5       | 6783/26430 [00:17<00:49, 395.26it/s]
shared seed401:  26%|##5       | 6823/26430 [00:17<00:50, 391.96it/s]
shared seed401:  26%|##5       | 6863/26430 [00:17<00:50, 384.79it/s]
shared seed401:  26%|##6       | 6902/26430 [00:17<00:50, 385.27it/s]
shared seed401:  26%|##6       | 6941/26430 [00:17<00:51, 378.96it/s]
shared seed401:  26%|##6       | 6980/26430 [00:18<00:50, 382.13it/s]
shared seed401:  27%|##6       | 7019/26430 [00:18<00:50, 383.65it/s]
shared seed401:  27%|##6       | 7058/26430 [00:18<00:50, 385.46it/s]
shared seed401:  27%|##6       | 7097/26430 [00:18<00:51, 378.81it/s]
shared seed401:  27%|##7       | 7137/26430 [00:18<00:50, 381.89it/s]
shared seed401:  27%|##7       | 7176/26430 [00:18<00:50, 380.01it/s]
shared seed401:  27%|##7       | 7216/26430 [00:18<00:50, 384.12it/s]
shared seed401:  27%|##7       | 7255/26430 [00:18<00:50, 382.40it/s]
shared seed401:  28%|##7       | 7294/26430 [00:18<00:49, 384.40it/s]
shared seed401:  28%|##7       | 7334/26430 [00:18<00:49, 388.79it/s]
shared seed401:  28%|##7       | 7373/26430 [00:19<00:49, 384.26it/s]
shared seed401:  28%|##8       | 7414/26430 [00:19<00:48, 391.00it/s]
shared seed401:  28%|##8       | 7454/26430 [00:19<00:48, 389.97it/s]
shared seed401:  28%|##8       | 7494/26430 [00:19<00:48, 391.43it/s]
shared seed401:  29%|##8       | 7534/26430 [00:19<00:48, 390.60it/s]
shared seed401:  29%|##8       | 7574/26430 [00:19<00:48, 386.11it/s]
shared seed401:  29%|##8       | 7613/26430 [00:19<00:49, 381.15it/s]
shared seed401:  29%|##8       | 7652/26430 [00:19<00:49, 379.23it/s]
shared seed401:  29%|##9       | 7692/26430 [00:19<00:48, 383.15it/s]
shared seed401:  29%|##9       | 7733/26430 [00:20<00:48, 389.45it/s]
shared seed401:  29%|##9       | 7772/26430 [00:20<00:47, 389.57it/s]
shared seed401:  30%|##9       | 7812/26430 [00:20<00:47, 391.38it/s]
shared seed401:  30%|##9       | 7852/26430 [00:20<00:47, 390.21it/s]
shared seed401:  30%|##9       | 7892/26430 [00:20<00:47, 390.69it/s]
shared seed401:  30%|###       | 7932/26430 [00:20<00:47, 386.35it/s]
shared seed401:  30%|###       | 7971/26430 [00:20<00:48, 382.97it/s]
shared seed401:  30%|###       | 8010/26430 [00:20<00:49, 375.72it/s]
shared seed401:  30%|###       | 8048/26430 [00:20<00:48, 376.05it/s]
shared seed401:  31%|###       | 8089/26430 [00:20<00:47, 383.18it/s]
shared seed401:  31%|###       | 8129/26430 [00:21<00:47, 385.93it/s]
shared seed401:  31%|###       | 8168/26430 [00:21<00:47, 385.62it/s]
shared seed401:  31%|###1      | 8209/26430 [00:21<00:46, 389.50it/s]
shared seed401:  31%|###1      | 8248/26430 [00:21<00:48, 375.94it/s]
shared seed401:  31%|###1      | 8287/26430 [00:21<00:47, 379.10it/s]
shared seed401:  31%|###1      | 8325/26430 [00:21<00:48, 374.24it/s]
shared seed401:  32%|###1      | 8365/26430 [00:21<00:47, 381.24it/s]
shared seed401:  32%|###1      | 8405/26430 [00:21<00:46, 384.71it/s]
shared seed401:  32%|###1      | 8444/26430 [00:21<00:47, 381.16it/s]
shared seed401:  32%|###2      | 8483/26430 [00:21<00:47, 377.68it/s]
shared seed401:  32%|###2      | 8521/26430 [00:22<00:47, 377.50it/s]
shared seed401:  32%|###2      | 8560/26430 [00:22<00:47, 379.20it/s]
shared seed401:  33%|###2      | 8598/26430 [00:22<00:47, 375.84it/s]
shared seed401:  33%|###2      | 8636/26430 [00:22<00:47, 371.19it/s]
shared seed401:  33%|###2      | 8674/26430 [00:22<00:47, 370.48it/s]
shared seed401:  33%|###2      | 8713/26430 [00:22<00:47, 374.00it/s]
shared seed401:  33%|###3      | 8751/26430 [00:22<00:47, 371.27it/s]
shared seed401:  33%|###3      | 8791/26430 [00:22<00:46, 377.21it/s]
shared seed401:  33%|###3      | 8829/26430 [00:22<00:51, 339.07it/s]
shared seed401:  34%|###3      | 8866/26430 [00:23<00:50, 346.24it/s]
shared seed401:  34%|###3      | 8905/26430 [00:23<00:49, 356.26it/s]
shared seed401:  34%|###3      | 8944/26430 [00:23<00:47, 364.93it/s]
shared seed401:  34%|###3      | 8981/26430 [00:23<00:47, 364.86it/s]
shared seed401:  34%|###4      | 9020/26430 [00:23<00:47, 370.32it/s]
shared seed401:  34%|###4      | 9058/26430 [00:23<00:46, 372.81it/s]
shared seed401:  34%|###4      | 9096/26430 [00:23<00:46, 374.19it/s]
shared seed401:  35%|###4      | 9134/26430 [00:23<00:46, 374.03it/s]
shared seed401:  35%|###4      | 9172/26430 [00:23<00:46, 372.77it/s]
shared seed401:  35%|###4      | 9211/26430 [00:23<00:45, 377.41it/s]
shared seed401:  35%|###4      | 9249/26430 [00:24<00:45, 373.91it/s]
shared seed401:  35%|###5      | 9287/26430 [00:24<00:46, 372.66it/s]
shared seed401:  35%|###5      | 9325/26430 [00:24<00:46, 366.53it/s]
shared seed401:  35%|###5      | 9364/26430 [00:24<00:46, 368.29it/s]
shared seed401:  36%|###5      | 9401/26430 [00:24<00:47, 356.90it/s]
shared seed401:  36%|###5      | 9437/26430 [00:24<00:48, 353.47it/s]
shared seed401:  36%|###5      | 9474/26430 [00:24<00:47, 356.40it/s]
shared seed401:  36%|###5      | 9511/26430 [00:24<00:47, 358.81it/s]
shared seed401:  36%|###6      | 9548/26430 [00:24<00:46, 361.12it/s]
shared seed401:  36%|###6      | 9587/26430 [00:24<00:45, 366.57it/s]
shared seed401:  36%|###6      | 9624/26430 [00:25<00:46, 362.94it/s]
shared seed401:  37%|###6      | 9661/26430 [00:25<00:46, 360.37it/s]
shared seed401:  37%|###6      | 9698/26430 [00:25<00:46, 363.11it/s]
shared seed401:  37%|###6      | 9735/26430 [00:25<00:46, 361.53it/s]
shared seed401:  37%|###6      | 9772/26430 [00:25<00:46, 361.41it/s]
shared seed401:  37%|###7      | 9809/26430 [00:25<00:46, 354.56it/s]
shared seed401:  37%|###7      | 9846/26430 [00:25<00:46, 357.23it/s]
shared seed401:  37%|###7      | 9884/26430 [00:25<00:45, 363.72it/s]
shared seed401:  38%|###7      | 9922/26430 [00:25<00:44, 367.37it/s]
shared seed401:  38%|###7      | 9961/26430 [00:26<00:44, 372.77it/s]
shared seed401:  38%|###7      | 9999/26430 [00:26<00:44, 368.61it/s]
shared seed401:  38%|###7      | 10036/26430 [00:26<00:44, 366.35it/s]
shared seed401:  38%|###8      | 10073/26430 [00:26<00:44, 365.30it/s]
shared seed401:  38%|###8      | 10110/26430 [00:26<00:44, 363.34it/s]
shared seed401:  38%|###8      | 10147/26430 [00:26<00:44, 362.66it/s]
shared seed401:  39%|###8      | 10184/26430 [00:26<00:44, 362.66it/s]
shared seed401:  39%|###8      | 10221/26430 [00:26<00:44, 360.40it/s]
shared seed401:  39%|###8      | 10258/26430 [00:26<00:45, 355.50it/s]
shared seed401:  39%|###8      | 10295/26430 [00:26<00:45, 358.36it/s]
shared seed401:  39%|###9      | 10332/26430 [00:27<00:44, 359.45it/s]
shared seed401:  39%|###9      | 10369/26430 [00:27<00:44, 361.13it/s]
shared seed401:  39%|###9      | 10407/26430 [00:27<00:43, 366.23it/s]
shared seed401:  40%|###9      | 10447/26430 [00:27<00:42, 376.19it/s]
shared seed401:  40%|###9      | 10485/26430 [00:27<00:42, 376.27it/s]
shared seed401:  40%|###9      | 10523/26430 [00:27<00:43, 362.98it/s]
shared seed401:  40%|###9      | 10560/26430 [00:27<00:43, 364.03it/s]
shared seed401:  40%|####      | 10597/26430 [00:27<00:44, 353.50it/s]
shared seed401:  40%|####      | 10633/26430 [00:27<00:45, 350.21it/s]
shared seed401:  40%|####      | 10669/26430 [00:27<00:45, 349.66it/s]
shared seed401:  41%|####      | 10708/26430 [00:28<00:43, 359.78it/s]
shared seed401:  41%|####      | 10745/26430 [00:28<00:43, 361.63it/s]
shared seed401:  41%|####      | 10783/26430 [00:28<00:42, 366.03it/s]
shared seed401:  41%|####      | 10820/26430 [00:28<00:42, 363.03it/s]
shared seed401:  41%|####1     | 10858/26430 [00:28<00:42, 364.60it/s]
shared seed401:  41%|####1     | 10896/26430 [00:28<00:42, 368.38it/s]
shared seed401:  41%|####1     | 10933/26430 [00:28<00:42, 365.43it/s]
shared seed401:  42%|####1     | 10973/26430 [00:28<00:41, 373.64it/s]
shared seed401:  42%|####1     | 11011/26430 [00:28<00:41, 367.66it/s]
shared seed401:  42%|####1     | 11049/26430 [00:29<00:41, 371.09it/s]
shared seed401:  42%|####1     | 11089/26430 [00:29<00:40, 375.23it/s]
shared seed401:  42%|####2     | 11127/26430 [00:29<00:41, 368.97it/s]
shared seed401:  42%|####2     | 11166/26430 [00:29<00:40, 373.38it/s]
shared seed401:  42%|####2     | 11206/26430 [00:29<00:40, 380.34it/s]
shared seed401:  43%|####2     | 11245/26430 [00:29<00:40, 378.33it/s]
shared seed401:  43%|####2     | 11283/26430 [00:29<00:40, 375.67it/s]
shared seed401:  43%|####2     | 11321/26430 [00:29<00:40, 368.69it/s]
shared seed401:  43%|####2     | 11358/26430 [00:29<00:41, 365.61it/s]
shared seed401:  43%|####3     | 11395/26430 [00:29<00:41, 361.55it/s]
shared seed401:  43%|####3     | 11434/26430 [00:30<00:40, 368.28it/s]
shared seed401:  43%|####3     | 11471/26430 [00:30<00:40, 365.43it/s]
shared seed401:  44%|####3     | 11509/26430 [00:30<00:40, 367.40it/s]
shared seed401:  44%|####3     | 11546/26430 [00:30<00:41, 359.79it/s]
shared seed401:  44%|####3     | 11583/26430 [00:30<00:47, 310.14it/s]
shared seed401:  44%|####3     | 11618/26430 [00:30<00:46, 318.82it/s]
shared seed401:  44%|####4     | 11651/26430 [00:30<00:45, 321.61it/s]
shared seed401:  44%|####4     | 11684/26430 [00:30<00:47, 310.57it/s]
shared seed401:  44%|####4     | 11716/26430 [00:30<00:47, 306.66it/s]
shared seed401:  44%|####4     | 11748/26430 [00:31<00:48, 304.56it/s]
shared seed401:  45%|####4     | 11779/26430 [00:31<00:48, 301.12it/s]
shared seed401:  45%|####4     | 11813/26430 [00:31<00:47, 309.19it/s]
shared seed401:  45%|####4     | 11845/26430 [00:31<00:47, 310.08it/s]
shared seed401:  45%|####4     | 11879/26430 [00:31<00:45, 316.84it/s]
shared seed401:  45%|####5     | 11912/26430 [00:31<00:45, 318.54it/s]
shared seed401:  45%|####5     | 11944/26430 [00:31<00:45, 316.49it/s]
shared seed401:  45%|####5     | 11977/26430 [00:31<00:45, 319.27it/s]
shared seed401:  45%|####5     | 12009/26430 [00:31<00:45, 314.11it/s]
shared seed401:  46%|####5     | 12041/26430 [00:32<00:49, 293.11it/s]
shared seed401:  46%|####5     | 12079/26430 [00:32<00:45, 316.04it/s]
shared seed401:  46%|####5     | 12115/26430 [00:32<00:43, 328.52it/s]
shared seed401:  46%|####5     | 12150/26430 [00:32<00:42, 334.21it/s]
shared seed401:  46%|####6     | 12184/26430 [00:32<00:43, 329.19it/s]
shared seed401:  46%|####6     | 12218/26430 [00:32<00:42, 331.87it/s]
shared seed401:  46%|####6     | 12252/26430 [00:32<00:42, 332.88it/s]
shared seed401:  46%|####6     | 12286/26430 [00:32<00:43, 328.90it/s]
shared seed401:  47%|####6     | 12321/26430 [00:32<00:42, 333.50it/s]
shared seed401:  47%|####6     | 12355/26430 [00:32<00:42, 328.01it/s]
shared seed401:  47%|####6     | 12390/26430 [00:33<00:42, 330.36it/s]
shared seed401:  47%|####7     | 12424/26430 [00:33<00:43, 325.56it/s]
shared seed401:  47%|####7     | 12458/26430 [00:33<00:42, 328.11it/s]
shared seed401:  47%|####7     | 12491/26430 [00:33<00:44, 313.09it/s]
shared seed401:  47%|####7     | 12524/26430 [00:33<00:43, 317.48it/s]
shared seed401:  48%|####7     | 12560/26430 [00:33<00:42, 327.98it/s]
shared seed401:  48%|####7     | 12594/26430 [00:33<00:42, 329.07it/s]
shared seed401:  48%|####7     | 12627/26430 [00:33<00:42, 324.86it/s]
shared seed401:  48%|####7     | 12660/26430 [00:33<00:50, 271.55it/s]
shared seed401:  48%|####8     | 12689/26430 [00:34<00:50, 272.20it/s]
shared seed401:  48%|####8     | 12718/26430 [00:34<00:51, 264.61it/s]
shared seed401:  48%|####8     | 12746/26430 [00:34<00:51, 263.94it/s]
shared seed401:  48%|####8     | 12773/26430 [00:34<00:52, 260.81it/s]
shared seed401:  48%|####8     | 12804/26430 [00:34<00:49, 273.51it/s]
shared seed401:  49%|####8     | 12838/26430 [00:34<00:46, 291.02it/s]
shared seed401:  49%|####8     | 12872/26430 [00:34<00:44, 303.62it/s]
shared seed401:  49%|####8     | 12908/26430 [00:34<00:42, 318.11it/s]
shared seed401:  49%|####8     | 12943/26430 [00:34<00:41, 325.65it/s]
shared seed401:  49%|####9     | 12976/26430 [00:35<00:41, 322.52it/s]
shared seed401:  49%|####9     | 13009/26430 [00:35<00:41, 322.05it/s]
shared seed401:  49%|####9     | 13042/26430 [00:35<00:47, 284.58it/s]
shared seed401:  49%|####9     | 13072/26430 [00:35<00:47, 280.36it/s]
shared seed401:  50%|####9     | 13101/26430 [00:35<00:49, 270.02it/s]
shared seed401:  50%|####9     | 13130/26430 [00:35<00:48, 274.75it/s]
shared seed401:  50%|####9     | 13160/26430 [00:35<00:47, 278.61it/s]
shared seed401:  50%|####9     | 13193/26430 [00:35<00:45, 292.20it/s]
shared seed401:  50%|#####     | 13228/26430 [00:35<00:42, 308.06it/s]
shared seed401:  50%|#####     | 13260/26430 [00:35<00:42, 310.32it/s]
shared seed401:  50%|#####     | 13293/26430 [00:36<00:41, 315.82it/s]
shared seed401:  50%|#####     | 13330/26430 [00:36<00:39, 329.44it/s]
shared seed401:  51%|#####     | 13365/26430 [00:36<00:39, 333.59it/s]
shared seed401:  51%|#####     | 13401/26430 [00:36<00:38, 340.05it/s]
shared seed401:  51%|#####     | 13436/26430 [00:36<00:37, 342.96it/s]
shared seed401:  51%|#####     | 13471/26430 [00:36<00:37, 343.05it/s]
shared seed401:  51%|#####1    | 13506/26430 [00:36<00:39, 325.99it/s]
shared seed401:  51%|#####1    | 13541/26430 [00:36<00:38, 331.11it/s]
shared seed401:  51%|#####1    | 13575/26430 [00:36<00:38, 333.32it/s]
shared seed401:  51%|#####1    | 13609/26430 [00:37<00:38, 328.80it/s]
shared seed401:  52%|#####1    | 13644/26430 [00:37<00:38, 334.31it/s]
shared seed401:  52%|#####1    | 13682/26430 [00:37<00:36, 345.83it/s]
shared seed401:  52%|#####1    | 13717/26430 [00:37<00:37, 338.93it/s]
shared seed401:  52%|#####2    | 13751/26430 [00:37<00:37, 339.08it/s]
shared seed401:  52%|#####2    | 13787/26430 [00:37<00:36, 344.69it/s]
shared seed401:  52%|#####2    | 13824/26430 [00:37<00:35, 350.62it/s]
shared seed401:  52%|#####2    | 13860/26430 [00:37<00:36, 348.09it/s]
shared seed401:  53%|#####2    | 13896/26430 [00:37<00:35, 348.77it/s]
shared seed401:  53%|#####2    | 13932/26430 [00:37<00:35, 350.49it/s]
shared seed401:  53%|#####2    | 13968/26430 [00:38<00:36, 342.91it/s]
shared seed401:  53%|#####2    | 14004/26430 [00:38<00:35, 347.11it/s]
shared seed401:  53%|#####3    | 14039/26430 [00:38<00:35, 346.33it/s]
shared seed401:  53%|#####3    | 14076/26430 [00:38<00:35, 352.11it/s]
shared seed401:  53%|#####3    | 14112/26430 [00:38<00:35, 347.64it/s]
shared seed401:  54%|#####3    | 14148/26430 [00:38<00:35, 349.66it/s]
shared seed401:  54%|#####3    | 14184/26430 [00:38<00:35, 349.32it/s]
shared seed401:  54%|#####3    | 14222/26430 [00:38<00:34, 356.53it/s]
shared seed401:  54%|#####3    | 14258/26430 [00:38<00:34, 355.78it/s]
shared seed401:  54%|#####4    | 14294/26430 [00:38<00:34, 354.37it/s]
shared seed401:  54%|#####4    | 14330/26430 [00:39<00:34, 355.31it/s]
shared seed401:  54%|#####4    | 14366/26430 [00:39<00:33, 355.26it/s]
shared seed401:  54%|#####4    | 14404/26430 [00:39<00:33, 360.71it/s]
shared seed401:  55%|#####4    | 14441/26430 [00:39<00:33, 359.18it/s]
shared seed401:  55%|#####4    | 14477/26430 [00:39<00:33, 354.72it/s]
shared seed401:  55%|#####4    | 14513/26430 [00:39<00:34, 346.94it/s]
shared seed401:  55%|#####5    | 14548/26430 [00:39<00:34, 340.27it/s]
shared seed401:  55%|#####5    | 14585/26430 [00:39<00:34, 347.28it/s]
shared seed401:  55%|#####5    | 14622/26430 [00:39<00:33, 351.44it/s]
shared seed401:  55%|#####5    | 14658/26430 [00:40<00:34, 341.81it/s]
shared seed401:  56%|#####5    | 14693/26430 [00:40<00:34, 342.71it/s]
shared seed401:  56%|#####5    | 14732/26430 [00:40<00:32, 355.87it/s]
shared seed401:  56%|#####5    | 14771/26430 [00:40<00:32, 363.47it/s]
shared seed401:  56%|#####6    | 14809/26430 [00:40<00:31, 366.54it/s]
shared seed401:  56%|#####6    | 14847/26430 [00:40<00:31, 370.05it/s]
shared seed401:  56%|#####6    | 14888/26430 [00:40<00:30, 378.76it/s]
shared seed401:  56%|#####6    | 14929/26430 [00:40<00:29, 387.90it/s]
shared seed401:  57%|#####6    | 14968/26430 [00:40<00:30, 378.87it/s]
shared seed401:  57%|#####6    | 15006/26430 [00:40<00:30, 379.19it/s]
shared seed401:  57%|#####6    | 15044/26430 [00:41<00:30, 370.54it/s]
shared seed401:  57%|#####7    | 15083/26430 [00:41<00:30, 375.35it/s]
shared seed401:  57%|#####7    | 15121/26430 [00:41<00:30, 368.88it/s]
shared seed401:  57%|#####7    | 15161/26430 [00:41<00:30, 374.86it/s]
shared seed401:  58%|#####7    | 15199/26430 [00:41<00:29, 374.47it/s]
shared seed401:  58%|#####7    | 15237/26430 [00:41<00:29, 374.37it/s]
shared seed401:  58%|#####7    | 15275/26430 [00:41<00:29, 374.06it/s]
shared seed401:  58%|#####7    | 15313/26430 [00:41<00:29, 373.82it/s]
shared seed401:  58%|#####8    | 15351/26430 [00:41<00:29, 372.74it/s]
shared seed401:  58%|#####8    | 15389/26430 [00:41<00:30, 366.53it/s]
shared seed401:  58%|#####8    | 15426/26430 [00:42<00:31, 344.00it/s]
shared seed401:  58%|#####8    | 15461/26430 [00:42<00:31, 345.40it/s]
shared seed401:  59%|#####8    | 15496/26430 [00:42<00:31, 343.76it/s]
shared seed401:  59%|#####8    | 15531/26430 [00:42<00:31, 342.16it/s]
shared seed401:  59%|#####8    | 15566/26430 [00:42<00:32, 336.24it/s]
shared seed401:  59%|#####9    | 15600/26430 [00:42<00:32, 333.88it/s]
shared seed401:  59%|#####9    | 15634/26430 [00:42<00:32, 328.35it/s]
shared seed401:  59%|#####9    | 15667/26430 [00:42<00:33, 322.79it/s]
shared seed401:  59%|#####9    | 15700/26430 [00:42<00:33, 318.26it/s]
shared seed401:  60%|#####9    | 15732/26430 [00:43<00:34, 306.78it/s]
shared seed401:  60%|#####9    | 15763/26430 [00:43<00:34, 306.61it/s]
shared seed401:  60%|#####9    | 15797/26430 [00:43<00:33, 312.86it/s]
shared seed401:  60%|#####9    | 15829/26430 [00:43<00:34, 311.68it/s]
shared seed401:  60%|######    | 15865/26430 [00:43<00:32, 324.61it/s]
shared seed401:  60%|######    | 15899/26430 [00:43<00:32, 328.86it/s]
shared seed401:  60%|######    | 15933/26430 [00:43<00:31, 331.44it/s]
shared seed401:  60%|######    | 15970/26430 [00:43<00:30, 340.95it/s]
shared seed401:  61%|######    | 16007/26430 [00:43<00:29, 348.79it/s]
shared seed401:  61%|######    | 16042/26430 [00:43<00:30, 345.00it/s]
shared seed401:  61%|######    | 16077/26430 [00:44<00:30, 341.65it/s]
shared seed401:  61%|######    | 16114/26430 [00:44<00:29, 348.28it/s]
shared seed401:  61%|######1   | 16149/26430 [00:44<00:30, 342.69it/s]
shared seed401:  61%|######1   | 16184/26430 [00:44<00:29, 343.13it/s]
shared seed401:  61%|######1   | 16219/26430 [00:44<00:29, 345.02it/s]
shared seed401:  61%|######1   | 16254/26430 [00:44<00:30, 337.29it/s]
shared seed401:  62%|######1   | 16291/26430 [00:44<00:29, 344.97it/s]
shared seed401:  62%|######1   | 16326/26430 [00:44<00:29, 341.47it/s]
shared seed401:  62%|######1   | 16361/26430 [00:44<00:29, 337.43it/s]
shared seed401:  62%|######2   | 16395/26430 [00:45<00:30, 334.23it/s]
shared seed401:  62%|######2   | 16429/26430 [00:45<00:31, 316.25it/s]
shared seed401:  62%|######2   | 16462/26430 [00:45<00:31, 317.91it/s]
shared seed401:  62%|######2   | 16497/26430 [00:45<00:30, 326.30it/s]
shared seed401:  63%|######2   | 16535/26430 [00:45<00:29, 339.19it/s]
shared seed401:  63%|######2   | 16571/26430 [00:45<00:28, 345.10it/s]
shared seed401:  63%|######2   | 16606/26430 [00:45<00:30, 327.24it/s]
shared seed401:  63%|######2   | 16639/26430 [00:45<00:30, 324.72it/s]
shared seed401:  63%|######3   | 16672/26430 [00:45<00:29, 325.54it/s]
shared seed401:  63%|######3   | 16705/26430 [00:45<00:30, 318.79it/s]
shared seed401:  63%|######3   | 16737/26430 [00:46<00:30, 314.96it/s]
shared seed401:  63%|######3   | 16772/26430 [00:46<00:29, 322.89it/s]
shared seed401:  64%|######3   | 16807/26430 [00:46<00:29, 329.01it/s]
shared seed401:  64%|######3   | 16841/26430 [00:46<00:29, 330.49it/s]
shared seed401:  64%|######3   | 16875/26430 [00:46<00:31, 301.62it/s]
shared seed401:  64%|######3   | 16906/26430 [00:46<00:32, 294.22it/s]
shared seed401:  64%|######4   | 16936/26430 [00:46<00:33, 286.46it/s]
shared seed401:  64%|######4   | 16965/26430 [00:46<00:33, 280.81it/s]
shared seed401:  64%|######4   | 16995/26430 [00:46<00:33, 285.06it/s]
shared seed401:  64%|######4   | 17024/26430 [00:47<00:33, 281.00it/s]
shared seed401:  65%|######4   | 17053/26430 [00:47<00:33, 276.25it/s]
shared seed401:  65%|######4   | 17081/26430 [00:47<00:34, 274.35it/s]
shared seed401:  65%|######4   | 17110/26430 [00:47<00:33, 275.08it/s]
shared seed401:  65%|######4   | 17138/26430 [00:47<00:34, 272.56it/s]
shared seed401:  65%|######4   | 17167/26430 [00:47<00:33, 275.29it/s]
shared seed401:  65%|######5   | 17197/26430 [00:47<00:32, 280.11it/s]
shared seed401:  65%|######5   | 17226/26430 [00:47<00:32, 282.63it/s]
shared seed401:  65%|######5   | 17255/26430 [00:47<00:32, 282.94it/s]
shared seed401:  65%|######5   | 17284/26430 [00:47<00:32, 283.30it/s]
shared seed401:  66%|######5   | 17313/26430 [00:48<00:32, 276.65it/s]
shared seed401:  66%|######5   | 17341/26430 [00:48<00:32, 276.09it/s]
shared seed401:  66%|######5   | 17371/26430 [00:48<00:32, 281.91it/s]
shared seed401:  66%|######5   | 17400/26430 [00:48<00:32, 277.53it/s]
shared seed401:  66%|######5   | 17428/26430 [00:48<00:33, 271.77it/s]
shared seed401:  66%|######6   | 17457/26430 [00:48<00:32, 275.31it/s]
shared seed401:  66%|######6   | 17485/26430 [00:48<00:33, 270.91it/s]
shared seed401:  66%|######6   | 17515/26430 [00:48<00:31, 278.65it/s]
shared seed401:  66%|######6   | 17544/26430 [00:48<00:31, 281.92it/s]
shared seed401:  66%|######6   | 17573/26430 [00:49<00:31, 281.39it/s]
shared seed401:  67%|######6   | 17602/26430 [00:49<00:31, 276.06it/s]
shared seed401:  67%|######6   | 17630/26430 [00:49<00:37, 237.22it/s]
shared seed401:  67%|######6   | 17656/26430 [00:49<00:36, 240.43it/s]
shared seed401:  67%|######6   | 17681/26430 [00:49<00:36, 238.80it/s]
shared seed401:  67%|######6   | 17708/26430 [00:49<00:35, 246.69it/s]
shared seed401:  67%|######7   | 17734/26430 [00:49<00:34, 248.47it/s]
shared seed401:  67%|######7   | 17762/26430 [00:49<00:34, 253.14it/s]
shared seed401:  67%|######7   | 17788/26430 [00:49<00:35, 246.11it/s]
shared seed401:  67%|######7   | 17817/26430 [00:50<00:33, 257.41it/s]
shared seed401:  68%|######7   | 17843/26430 [00:50<00:35, 239.69it/s]
shared seed401:  68%|######7   | 17868/26430 [00:50<00:35, 240.03it/s]
shared seed401:  68%|######7   | 17894/26430 [00:50<00:35, 243.59it/s]
shared seed401:  68%|######7   | 17922/26430 [00:50<00:33, 251.49it/s]
shared seed401:  68%|######7   | 17949/26430 [00:50<00:33, 256.13it/s]
shared seed401:  68%|######8   | 17975/26430 [00:50<00:33, 255.62it/s]
shared seed401:  68%|######8   | 18004/26430 [00:50<00:31, 265.20it/s]
shared seed401:  68%|######8   | 18031/26430 [00:50<00:33, 251.96it/s]
shared seed401:  68%|######8   | 18057/26430 [00:51<00:34, 240.13it/s]
shared seed401:  68%|######8   | 18084/26430 [00:51<00:34, 244.58it/s]
shared seed401:  69%|######8   | 18109/26430 [00:51<00:34, 240.05it/s]
shared seed401:  69%|######8   | 18134/26430 [00:51<00:35, 236.36it/s]
shared seed401:  69%|######8   | 18158/26430 [00:51<00:35, 233.83it/s]
shared seed401:  69%|######8   | 18184/26430 [00:51<00:34, 240.45it/s]
shared seed401:  69%|######8   | 18210/26430 [00:51<00:33, 242.46it/s]
shared seed401:  69%|######8   | 18235/26430 [00:51<00:34, 239.15it/s]
shared seed401:  69%|######9   | 18262/26430 [00:51<00:33, 245.93it/s]
shared seed401:  69%|######9   | 18287/26430 [00:51<00:33, 242.02it/s]
shared seed401:  69%|######9   | 18314/26430 [00:52<00:32, 248.18it/s]
shared seed401:  69%|######9   | 18341/26430 [00:52<00:31, 253.86it/s]
shared seed401:  70%|######9   | 18369/26430 [00:52<00:30, 260.51it/s]
shared seed401:  70%|######9   | 18405/26430 [00:52<00:27, 289.14it/s]
shared seed401:  70%|######9   | 18437/26430 [00:52<00:26, 298.05it/s]
shared seed401:  70%|######9   | 18468/26430 [00:52<00:26, 299.36it/s]
shared seed401:  70%|######9   | 18500/26430 [00:52<00:26, 302.08it/s]
shared seed401:  70%|#######   | 18534/26430 [00:52<00:25, 312.28it/s]
shared seed401:  70%|#######   | 18567/26430 [00:52<00:24, 315.25it/s]
shared seed401:  70%|#######   | 18600/26430 [00:52<00:24, 316.86it/s]
shared seed401:  71%|#######   | 18634/26430 [00:53<00:24, 321.64it/s]
shared seed401:  71%|#######   | 18667/26430 [00:53<00:25, 310.34it/s]
shared seed401:  71%|#######   | 18701/26430 [00:53<00:24, 318.65it/s]
shared seed401:  71%|#######   | 18733/26430 [00:53<00:24, 317.48it/s]
shared seed401:  71%|#######1  | 18767/26430 [00:53<00:23, 322.60it/s]
shared seed401:  71%|#######1  | 18800/26430 [00:53<00:23, 319.00it/s]
shared seed401:  71%|#######1  | 18832/26430 [00:53<00:23, 317.11it/s]
shared seed401:  71%|#######1  | 18864/26430 [00:53<00:23, 317.38it/s]
shared seed401:  71%|#######1  | 18897/26430 [00:53<00:23, 318.68it/s]
shared seed401:  72%|#######1  | 18929/26430 [00:54<00:23, 317.13it/s]
shared seed401:  72%|#######1  | 18962/26430 [00:54<00:23, 320.45it/s]
shared seed401:  72%|#######1  | 18995/26430 [00:54<00:23, 315.92it/s]
shared seed401:  72%|#######1  | 19027/26430 [00:54<00:23, 316.33it/s]
shared seed401:  72%|#######2  | 19059/26430 [00:54<00:23, 308.92it/s]
shared seed401:  72%|#######2  | 19090/26430 [00:54<00:25, 293.51it/s]
shared seed401:  72%|#######2  | 19121/26430 [00:54<00:24, 297.31it/s]
shared seed401:  72%|#######2  | 19152/26430 [00:54<00:24, 300.22it/s]
shared seed401:  73%|#######2  | 19183/26430 [00:54<00:23, 302.55it/s]
shared seed401:  73%|#######2  | 19216/26430 [00:54<00:23, 308.60it/s]
shared seed401:  73%|#######2  | 19250/26430 [00:55<00:22, 317.19it/s]
shared seed401:  73%|#######2  | 19285/26430 [00:55<00:21, 325.51it/s]
shared seed401:  73%|#######3  | 19318/26430 [00:55<00:22, 317.33it/s]
shared seed401:  73%|#######3  | 19350/26430 [00:55<00:22, 314.81it/s]
shared seed401:  73%|#######3  | 19383/26430 [00:55<00:22, 318.76it/s]
shared seed401:  73%|#######3  | 19415/26430 [00:55<00:22, 317.16it/s]
shared seed401:  74%|#######3  | 19448/26430 [00:55<00:21, 320.43it/s]
shared seed401:  74%|#######3  | 19481/26430 [00:55<00:21, 318.76it/s]
shared seed401:  74%|#######3  | 19514/26430 [00:55<00:21, 320.54it/s]
shared seed401:  74%|#######3  | 19547/26430 [00:55<00:21, 321.91it/s]
shared seed401:  74%|#######4  | 19581/26430 [00:56<00:20, 326.94it/s]
shared seed401:  74%|#######4  | 19614/26430 [00:56<00:21, 318.94it/s]
shared seed401:  74%|#######4  | 19646/26430 [00:56<00:21, 315.89it/s]
shared seed401:  74%|#######4  | 19678/26430 [00:56<00:21, 315.14it/s]
shared seed401:  75%|#######4  | 19711/26430 [00:56<00:21, 317.53it/s]
shared seed401:  75%|#######4  | 19743/26430 [00:56<00:21, 315.77it/s]
shared seed401:  75%|#######4  | 19779/26430 [00:56<00:20, 328.10it/s]
shared seed401:  75%|#######4  | 19812/26430 [00:56<00:20, 325.24it/s]
shared seed401:  75%|#######5  | 19846/26430 [00:56<00:20, 327.42it/s]
shared seed401:  75%|#######5  | 19881/26430 [00:57<00:19, 331.94it/s]
shared seed401:  75%|#######5  | 19915/26430 [00:57<00:19, 325.85it/s]
shared seed401:  75%|#######5  | 19948/26430 [00:57<00:20, 322.38it/s]
shared seed401:  76%|#######5  | 19981/26430 [00:57<00:21, 295.71it/s]
shared seed401:  76%|#######5  | 20014/26430 [00:57<00:21, 303.73it/s]
shared seed401:  76%|#######5  | 20047/26430 [00:57<00:20, 310.07it/s]
shared seed401:  76%|#######5  | 20082/26430 [00:57<00:19, 321.02it/s]
shared seed401:  76%|#######6  | 20115/26430 [00:57<00:19, 316.99it/s]
shared seed401:  76%|#######6  | 20147/26430 [00:57<00:21, 297.18it/s]
shared seed401:  76%|#######6  | 20178/26430 [00:58<00:20, 297.91it/s]
shared seed401:  76%|#######6  | 20210/26430 [00:58<00:20, 301.18it/s]
shared seed401:  77%|#######6  | 20244/26430 [00:58<00:19, 310.61it/s]
shared seed401:  77%|#######6  | 20277/26430 [00:58<00:19, 314.64it/s]
shared seed401:  77%|#######6  | 20311/26430 [00:58<00:19, 321.73it/s]
shared seed401:  77%|#######6  | 20344/26430 [00:58<00:19, 312.30it/s]
shared seed401:  77%|#######7  | 20376/26430 [00:58<00:19, 311.06it/s]
shared seed401:  77%|#######7  | 20411/26430 [00:58<00:18, 320.66it/s]
shared seed401:  77%|#######7  | 20444/26430 [00:58<00:18, 320.42it/s]
shared seed401:  77%|#######7  | 20477/26430 [00:58<00:18, 315.00it/s]
shared seed401:  78%|#######7  | 20510/26430 [00:59<00:18, 319.11it/s]
shared seed401:  78%|#######7  | 20543/26430 [00:59<00:18, 321.54it/s]
shared seed401:  78%|#######7  | 20576/26430 [00:59<00:18, 321.38it/s]
shared seed401:  78%|#######7  | 20609/26430 [00:59<00:18, 315.30it/s]
shared seed401:  78%|#######8  | 20641/26430 [00:59<00:18, 307.27it/s]
shared seed401:  78%|#######8  | 20673/26430 [00:59<00:18, 309.56it/s]
shared seed401:  78%|#######8  | 20705/26430 [00:59<00:18, 310.62it/s]
shared seed401:  78%|#######8  | 20738/26430 [00:59<00:18, 315.99it/s]
shared seed401:  79%|#######8  | 20772/26430 [00:59<00:17, 321.75it/s]
shared seed401:  79%|#######8  | 20805/26430 [00:59<00:18, 310.85it/s]
shared seed401:  79%|#######8  | 20840/26430 [01:00<00:17, 322.07it/s]
shared seed401:  79%|#######8  | 20876/26430 [01:00<00:16, 330.28it/s]
shared seed401:  79%|#######9  | 20910/26430 [01:00<00:16, 329.37it/s]
shared seed401:  79%|#######9  | 20944/26430 [01:00<00:16, 327.19it/s]
shared seed401:  79%|#######9  | 20977/26430 [01:00<00:17, 318.16it/s]
shared seed401:  79%|#######9  | 21009/26430 [01:00<00:17, 313.18it/s]
shared seed401:  80%|#######9  | 21043/26430 [01:00<00:16, 319.84it/s]
shared seed401:  80%|#######9  | 21076/26430 [01:00<00:16, 315.57it/s]
shared seed401:  80%|#######9  | 21108/26430 [01:00<00:17, 310.73it/s]
shared seed401:  80%|#######9  | 21142/26430 [01:01<00:16, 316.36it/s]
shared seed401:  80%|########  | 21175/26430 [01:01<00:16, 320.30it/s]
shared seed401:  80%|########  | 21208/26430 [01:01<00:16, 319.63it/s]
shared seed401:  80%|########  | 21241/26430 [01:01<00:16, 320.52it/s]
shared seed401:  80%|########  | 21274/26430 [01:01<00:16, 319.18it/s]
shared seed401:  81%|########  | 21306/26430 [01:01<00:16, 315.72it/s]
shared seed401:  81%|########  | 21339/26430 [01:01<00:16, 317.02it/s]
shared seed401:  81%|########  | 21373/26430 [01:01<00:15, 323.08it/s]
shared seed401:  81%|########  | 21408/26430 [01:01<00:15, 329.36it/s]
shared seed401:  81%|########1 | 21441/26430 [01:01<00:15, 321.25it/s]
shared seed401:  81%|########1 | 21476/26430 [01:02<00:15, 328.20it/s]
shared seed401:  81%|########1 | 21509/26430 [01:02<00:15, 326.96it/s]
shared seed401:  82%|########1 | 21542/26430 [01:02<00:15, 320.59it/s]
shared seed401:  82%|########1 | 21575/26430 [01:02<00:15, 319.90it/s]
shared seed401:  82%|########1 | 21609/26430 [01:02<00:14, 324.11it/s]
shared seed401:  82%|########1 | 21642/26430 [01:02<00:14, 320.93it/s]
shared seed401:  82%|########2 | 21675/26430 [01:02<00:14, 322.42it/s]
shared seed401:  82%|########2 | 21708/26430 [01:02<00:14, 318.10it/s]
shared seed401:  82%|########2 | 21740/26430 [01:02<00:14, 316.13it/s]
shared seed401:  82%|########2 | 21772/26430 [01:03<00:14, 313.22it/s]
shared seed401:  83%|########2 | 21805/26430 [01:03<00:14, 317.42it/s]
shared seed401:  83%|########2 | 21837/26430 [01:03<00:14, 313.86it/s]
shared seed401:  83%|########2 | 21869/26430 [01:03<00:14, 314.70it/s]
shared seed401:  83%|########2 | 21901/26430 [01:03<00:14, 310.30it/s]
shared seed401:  83%|########2 | 21933/26430 [01:03<00:14, 311.67it/s]
shared seed401:  83%|########3 | 21965/26430 [01:03<00:14, 305.59it/s]
shared seed401:  83%|########3 | 21997/26430 [01:03<00:14, 307.99it/s]
shared seed401:  83%|########3 | 22029/26430 [01:03<00:14, 311.35it/s]
shared seed401:  83%|########3 | 22064/26430 [01:03<00:13, 320.51it/s]
shared seed401:  84%|########3 | 22097/26430 [01:04<00:13, 315.83it/s]
shared seed401:  84%|########3 | 22130/26430 [01:04<00:13, 319.54it/s]
shared seed401:  84%|########3 | 22166/26430 [01:04<00:12, 329.49it/s]
shared seed401:  84%|########3 | 22200/26430 [01:04<00:12, 329.97it/s]
shared seed401:  84%|########4 | 22234/26430 [01:04<00:12, 329.99it/s]
shared seed401:  84%|########4 | 22269/26430 [01:04<00:12, 333.41it/s]
shared seed401:  84%|########4 | 22303/26430 [01:04<00:12, 326.60it/s]
shared seed401:  85%|########4 | 22336/26430 [01:04<00:12, 321.75it/s]
shared seed401:  85%|########4 | 22369/26430 [01:04<00:12, 319.71it/s]
shared seed401:  85%|########4 | 22403/26430 [01:04<00:12, 324.80it/s]
shared seed401:  85%|########4 | 22436/26430 [01:05<00:12, 316.11it/s]
shared seed401:  85%|########5 | 22469/26430 [01:05<00:12, 318.00it/s]
shared seed401:  85%|########5 | 22503/26430 [01:05<00:12, 321.29it/s]
shared seed401:  85%|########5 | 22536/26430 [01:05<00:13, 281.47it/s]
shared seed401:  85%|########5 | 22566/26430 [01:05<00:13, 280.02it/s]
shared seed401:  85%|########5 | 22596/26430 [01:05<00:13, 283.87it/s]
shared seed401:  86%|########5 | 22627/26430 [01:05<00:13, 289.80it/s]
shared seed401:  86%|########5 | 22657/26430 [01:05<00:13, 288.12it/s]
shared seed401:  86%|########5 | 22687/26430 [01:05<00:12, 291.46it/s]
shared seed401:  86%|########5 | 22717/26430 [01:06<00:13, 283.98it/s]
shared seed401:  86%|########6 | 22746/26430 [01:06<00:12, 283.55it/s]
shared seed401:  86%|########6 | 22775/26430 [01:06<00:12, 284.57it/s]
shared seed401:  86%|########6 | 22804/26430 [01:06<00:12, 285.97it/s]
shared seed401:  86%|########6 | 22834/26430 [01:06<00:12, 290.08it/s]
shared seed401:  87%|########6 | 22865/26430 [01:06<00:12, 293.44it/s]
shared seed401:  87%|########6 | 22899/26430 [01:06<00:11, 305.69it/s]
shared seed401:  87%|########6 | 22931/26430 [01:06<00:11, 308.04it/s]
shared seed401:  87%|########6 | 22965/26430 [01:06<00:10, 316.64it/s]
shared seed401:  87%|########7 | 22997/26430 [01:06<00:10, 316.69it/s]
shared seed401:  87%|########7 | 23029/26430 [01:07<00:11, 308.97it/s]
shared seed401:  87%|########7 | 23061/26430 [01:07<00:10, 311.02it/s]
shared seed401:  87%|########7 | 23094/26430 [01:07<00:10, 316.52it/s]
shared seed401:  88%|########7 | 23128/26430 [01:07<00:10, 320.29it/s]
shared seed401:  88%|########7 | 23162/26430 [01:07<00:10, 324.30it/s]
shared seed401:  88%|########7 | 23196/26430 [01:07<00:09, 327.34it/s]
shared seed401:  88%|########7 | 23229/26430 [01:07<00:10, 316.25it/s]
shared seed401:  88%|########8 | 23261/26430 [01:07<00:10, 310.06it/s]
shared seed401:  88%|########8 | 23293/26430 [01:07<00:10, 311.89it/s]
shared seed401:  88%|########8 | 23325/26430 [01:08<00:10, 306.39it/s]
shared seed401:  88%|########8 | 23356/26430 [01:08<00:10, 304.64it/s]
shared seed401:  88%|########8 | 23389/26430 [01:08<00:09, 309.70it/s]
shared seed401:  89%|########8 | 23423/26430 [01:08<00:09, 316.09it/s]
shared seed401:  89%|########8 | 23457/26430 [01:08<00:09, 320.99it/s]
shared seed401:  89%|########8 | 23492/26430 [01:08<00:08, 327.67it/s]
shared seed401:  89%|########9 | 23526/26430 [01:08<00:08, 329.72it/s]
shared seed401:  89%|########9 | 23559/26430 [01:08<00:08, 329.11it/s]
shared seed401:  89%|########9 | 23592/26430 [01:08<00:08, 328.55it/s]
shared seed401:  89%|########9 | 23625/26430 [01:08<00:08, 325.84it/s]
shared seed401:  90%|########9 | 23658/26430 [01:09<00:08, 314.10it/s]
shared seed401:  90%|########9 | 23694/26430 [01:09<00:08, 326.42it/s]
shared seed401:  90%|########9 | 23729/26430 [01:09<00:08, 331.33it/s]
shared seed401:  90%|########9 | 23764/26430 [01:09<00:07, 335.77it/s]
shared seed401:  90%|######### | 23798/26430 [01:09<00:08, 325.74it/s]
shared seed401:  90%|######### | 23832/26430 [01:09<00:07, 329.44it/s]
shared seed401:  90%|######### | 23866/26430 [01:09<00:07, 322.90it/s]
shared seed401:  90%|######### | 23899/26430 [01:09<00:07, 323.84it/s]
shared seed401:  91%|######### | 23932/26430 [01:09<00:07, 323.98it/s]
shared seed401:  91%|######### | 23966/26430 [01:10<00:07, 327.03it/s]
shared seed401:  91%|######### | 23999/26430 [01:10<00:07, 321.70it/s]
shared seed401:  91%|######### | 24032/26430 [01:10<00:07, 318.34it/s]
shared seed401:  91%|#########1| 24064/26430 [01:10<00:07, 303.57it/s]
shared seed401:  91%|#########1| 24095/26430 [01:10<00:07, 292.73it/s]
shared seed401:  91%|#########1| 24125/26430 [01:10<00:07, 291.73it/s]
shared seed401:  91%|#########1| 24155/26430 [01:10<00:07, 293.42it/s]
shared seed401:  92%|#########1| 24189/26430 [01:10<00:07, 305.89it/s]
shared seed401:  92%|#########1| 24221/26430 [01:10<00:07, 308.43it/s]
shared seed401:  92%|#########1| 24257/26430 [01:10<00:06, 319.74it/s]
shared seed401:  92%|#########1| 24291/26430 [01:11<00:06, 324.09it/s]
shared seed401:  92%|#########2| 24324/26430 [01:11<00:06, 319.50it/s]
shared seed401:  92%|#########2| 24356/26430 [01:11<00:06, 318.56it/s]
shared seed401:  92%|#########2| 24388/26430 [01:11<00:06, 314.15it/s]
shared seed401:  92%|#########2| 24420/26430 [01:11<00:06, 314.54it/s]
shared seed401:  93%|#########2| 24455/26430 [01:11<00:06, 321.67it/s]
shared seed401:  93%|#########2| 24488/26430 [01:11<00:06, 322.73it/s]
shared seed401:  93%|#########2| 24521/26430 [01:11<00:06, 316.80it/s]
shared seed401:  93%|#########2| 24553/26430 [01:11<00:06, 311.03it/s]
shared seed401:  93%|#########3| 24588/26430 [01:11<00:05, 321.99it/s]
shared seed401:  93%|#########3| 24621/26430 [01:12<00:05, 320.38it/s]
shared seed401:  93%|#########3| 24654/26430 [01:12<00:05, 317.68it/s]
shared seed401:  93%|#########3| 24686/26430 [01:12<00:05, 314.35it/s]
shared seed401:  94%|#########3| 24718/26430 [01:12<00:05, 310.33it/s]
shared seed401:  94%|#########3| 24753/26430 [01:12<00:05, 319.34it/s]
shared seed401:  94%|#########3| 24785/26430 [01:12<00:05, 318.41it/s]
shared seed401:  94%|#########3| 24821/26430 [01:12<00:04, 329.24it/s]
shared seed401:  94%|#########4| 24854/26430 [01:12<00:04, 319.06it/s]
shared seed401:  94%|#########4| 24886/26430 [01:12<00:04, 318.40it/s]
shared seed401:  94%|#########4| 24920/26430 [01:13<00:04, 323.74it/s]
shared seed401:  94%|#########4| 24953/26430 [01:13<00:04, 306.70it/s]
shared seed401:  95%|#########4| 24987/26430 [01:13<00:04, 313.40it/s]
shared seed401:  95%|#########4| 25019/26430 [01:13<00:04, 314.81it/s]
shared seed401:  95%|#########4| 25054/26430 [01:13<00:04, 322.81it/s]
shared seed401:  95%|#########4| 25087/26430 [01:13<00:04, 319.89it/s]
shared seed401:  95%|#########5| 25121/26430 [01:13<00:04, 324.77it/s]
shared seed401:  95%|#########5| 25154/26430 [01:13<00:03, 325.24it/s]
shared seed401:  95%|#########5| 25187/26430 [01:13<00:03, 325.65it/s]
shared seed401:  95%|#########5| 25221/26430 [01:13<00:03, 326.01it/s]
shared seed401:  96%|#########5| 25254/26430 [01:14<00:03, 321.10it/s]
shared seed401:  96%|#########5| 25287/26430 [01:14<00:03, 313.50it/s]
shared seed401:  96%|#########5| 25319/26430 [01:14<00:03, 314.18it/s]
shared seed401:  96%|#########5| 25354/26430 [01:14<00:03, 323.88it/s]
shared seed401:  96%|#########6| 25388/26430 [01:14<00:03, 326.73it/s]
shared seed401:  96%|#########6| 25421/26430 [01:14<00:03, 321.02it/s]
shared seed401:  96%|#########6| 25455/26430 [01:14<00:03, 324.71it/s]
shared seed401:  96%|#########6| 25489/26430 [01:14<00:02, 327.10it/s]
shared seed401:  97%|#########6| 25522/26430 [01:14<00:02, 324.04it/s]
shared seed401:  97%|#########6| 25555/26430 [01:15<00:02, 317.30it/s]
shared seed401:  97%|#########6| 25587/26430 [01:15<00:02, 317.25it/s]
shared seed401:  97%|#########6| 25619/26430 [01:15<00:02, 300.83it/s]
shared seed401:  97%|#########7| 25652/26430 [01:15<00:02, 308.28it/s]
shared seed401:  97%|#########7| 25685/26430 [01:15<00:02, 312.16it/s]
shared seed401:  97%|#########7| 25720/26430 [01:15<00:02, 321.97it/s]
shared seed401:  97%|#########7| 25753/26430 [01:15<00:02, 322.90it/s]
shared seed401:  98%|#########7| 25786/26430 [01:15<00:01, 322.02it/s]
shared seed401:  98%|#########7| 25823/26430 [01:15<00:01, 333.92it/s]
shared seed401:  98%|#########7| 25857/26430 [01:15<00:01, 321.54it/s]
shared seed401:  98%|#########7| 25891/26430 [01:16<00:01, 326.45it/s]
shared seed401:  98%|#########8| 25924/26430 [01:16<00:01, 311.78it/s]
shared seed401:  98%|#########8| 25958/26430 [01:16<00:01, 319.49it/s]
shared seed401:  98%|#########8| 25991/26430 [01:16<00:01, 319.62it/s]
shared seed401:  98%|#########8| 26026/26430 [01:16<00:01, 327.79it/s]
shared seed401:  99%|#########8| 26059/26430 [01:16<00:01, 328.24it/s]
shared seed401:  99%|#########8| 26092/26430 [01:16<00:01, 327.36it/s]
shared seed401:  99%|#########8| 26125/26430 [01:16<00:00, 325.36it/s]
shared seed401:  99%|#########8| 26158/26430 [01:16<00:00, 323.31it/s]
shared seed401:  99%|#########9| 26191/26430 [01:17<00:00, 321.11it/s]
shared seed401:  99%|#########9| 26225/26430 [01:17<00:00, 323.21it/s]
shared seed401:  99%|#########9| 26258/26430 [01:17<00:00, 308.73it/s]
shared seed401:  99%|#########9| 26291/26430 [01:17<00:00, 313.06it/s]
shared seed401: 100%|#########9| 26325/26430 [01:17<00:00, 319.30it/s]
shared seed401: 100%|#########9| 26358/26430 [01:17<00:00, 317.27it/s]
shared seed401: 100%|#########9| 26391/26430 [01:17<00:00, 318.98it/s]
shared seed401: 100%|#########9| 26424/26430 [01:17<00:00, 319.95it/s]
shared seed401: 100%|##########| 26430/26430 [01:17<00:00, 339.91it/s]
finished shared 401

shared seed402:   0%|          | 0/26430 [00:00<?, ?it/s]
shared seed402:   0%|          | 41/26430 [00:00<01:06, 398.78it/s]
shared seed402:   0%|          | 83/26430 [00:00<01:04, 408.05it/s]
shared seed402:   0%|          | 124/26430 [00:00<01:06, 398.53it/s]
shared seed402:   1%|          | 164/26430 [00:00<01:06, 396.65it/s]
shared seed402:   1%|          | 206/26430 [00:00<01:05, 400.65it/s]
shared seed402:   1%|          | 247/26430 [00:00<01:05, 400.79it/s]
shared seed402:   1%|1         | 288/26430 [00:00<01:05, 401.43it/s]
shared seed402:   1%|1         | 329/26430 [00:00<01:05, 397.85it/s]
shared seed402:   1%|1         | 372/26430 [00:00<01:04, 405.61it/s]
shared seed402:   2%|1         | 414/26430 [00:01<01:03, 409.25it/s]
shared seed402:   2%|1         | 456/26430 [00:01<01:03, 410.58it/s]
shared seed402:   2%|1         | 498/26430 [00:01<01:02, 411.88it/s]
shared seed402:   2%|2         | 540/26430 [00:01<01:03, 410.92it/s]
shared seed402:   2%|2         | 582/26430 [00:01<01:03, 408.14it/s]
shared seed402:   2%|2         | 623/26430 [00:01<01:04, 401.74it/s]
shared seed402:   3%|2         | 664/26430 [00:01<01:05, 395.99it/s]
shared seed402:   3%|2         | 704/26430 [00:01<01:05, 394.40it/s]
shared seed402:   3%|2         | 745/26430 [00:01<01:04, 397.81it/s]
shared seed402:   3%|2         | 786/26430 [00:01<01:03, 401.38it/s]
shared seed402:   3%|3         | 827/26430 [00:02<01:03, 403.10it/s]
shared seed402:   3%|3         | 868/26430 [00:02<01:03, 404.91it/s]
shared seed402:   3%|3         | 909/26430 [00:02<01:03, 403.08it/s]
shared seed402:   4%|3         | 950/26430 [00:02<01:03, 400.33it/s]
shared seed402:   4%|3         | 991/26430 [00:02<01:03, 399.26it/s]
shared seed402:   4%|3         | 1032/26430 [00:02<01:03, 401.68it/s]
shared seed402:   4%|4         | 1073/26430 [00:02<01:03, 397.90it/s]
shared seed402:   4%|4         | 1113/26430 [00:02<01:04, 391.83it/s]
shared seed402:   4%|4         | 1154/26430 [00:02<01:03, 394.95it/s]
shared seed402:   5%|4         | 1194/26430 [00:02<01:06, 382.31it/s]
shared seed402:   5%|4         | 1234/26430 [00:03<01:05, 386.14it/s]
shared seed402:   5%|4         | 1274/26430 [00:03<01:04, 389.29it/s]
shared seed402:   5%|4         | 1314/26430 [00:03<01:04, 390.72it/s]
shared seed402:   5%|5         | 1354/26430 [00:03<01:03, 392.26it/s]
shared seed402:   5%|5         | 1394/26430 [00:03<01:03, 393.64it/s]
shared seed402:   5%|5         | 1434/26430 [00:03<01:03, 393.62it/s]
shared seed402:   6%|5         | 1474/26430 [00:03<01:04, 387.92it/s]
shared seed402:   6%|5         | 1514/26430 [00:03<01:03, 389.36it/s]
shared seed402:   6%|5         | 1554/26430 [00:03<01:03, 391.50it/s]
shared seed402:   6%|6         | 1595/26430 [00:04<01:02, 394.90it/s]
shared seed402:   6%|6         | 1636/26430 [00:04<01:02, 395.87it/s]
shared seed402:   6%|6         | 1678/26430 [00:04<01:01, 400.42it/s]
shared seed402:   7%|6         | 1719/26430 [00:04<01:04, 386.07it/s]
shared seed402:   7%|6         | 1759/26430 [00:04<01:03, 389.56it/s]
shared seed402:   7%|6         | 1799/26430 [00:04<01:04, 383.68it/s]
shared seed402:   7%|6         | 1838/26430 [00:04<01:04, 382.51it/s]
shared seed402:   7%|7         | 1878/26430 [00:04<01:03, 384.58it/s]
shared seed402:   7%|7         | 1919/26430 [00:04<01:02, 390.79it/s]
shared seed402:   7%|7         | 1960/26430 [00:04<01:01, 396.10it/s]
shared seed402:   8%|7         | 2000/26430 [00:05<01:01, 395.23it/s]
shared seed402:   8%|7         | 2040/26430 [00:05<01:01, 396.04it/s]
shared seed402:   8%|7         | 2080/26430 [00:05<01:01, 393.20it/s]
shared seed402:   8%|8         | 2120/26430 [00:05<01:02, 391.49it/s]
shared seed402:   8%|8         | 2160/26430 [00:05<01:03, 380.81it/s]
shared seed402:   8%|8         | 2200/26430 [00:05<01:02, 384.90it/s]
shared seed402:   8%|8         | 2239/26430 [00:05<01:03, 382.30it/s]
shared seed402:   9%|8         | 2281/26430 [00:05<01:01, 390.14it/s]
shared seed402:   9%|8         | 2324/26430 [00:05<01:00, 399.57it/s]
shared seed402:   9%|8         | 2364/26430 [00:05<01:00, 398.33it/s]
shared seed402:   9%|9         | 2404/26430 [00:06<01:01, 389.10it/s]
shared seed402:   9%|9         | 2445/26430 [00:06<01:00, 394.51it/s]
shared seed402:   9%|9         | 2485/26430 [00:06<01:00, 392.67it/s]
shared seed402:  10%|9         | 2525/26430 [00:06<01:01, 390.79it/s]
shared seed402:  10%|9         | 2566/26430 [00:06<01:00, 395.79it/s]
shared seed402:  10%|9         | 2606/26430 [00:06<01:00, 395.68it/s]
shared seed402:  10%|#         | 2646/26430 [00:06<00:59, 396.90it/s]
shared seed402:  10%|#         | 2686/26430 [00:06<01:00, 394.06it/s]
shared seed402:  10%|#         | 2727/26430 [00:06<00:59, 398.38it/s]
shared seed402:  10%|#         | 2767/26430 [00:06<00:59, 396.66it/s]
shared seed402:  11%|#         | 2807/26430 [00:07<01:00, 392.52it/s]
shared seed402:  11%|#         | 2849/26430 [00:07<00:59, 398.61it/s]
shared seed402:  11%|#         | 2889/26430 [00:07<01:07, 347.66it/s]
shared seed402:  11%|#1        | 2929/26430 [00:07<01:05, 361.54it/s]
shared seed402:  11%|#1        | 2967/26430 [00:07<01:04, 363.09it/s]
shared seed402:  11%|#1        | 3008/26430 [00:07<01:02, 375.89it/s]
shared seed402:  12%|#1        | 3049/26430 [00:07<01:01, 382.09it/s]
shared seed402:  12%|#1        | 3089/26430 [00:07<01:00, 386.85it/s]
shared seed402:  12%|#1        | 3128/26430 [00:07<01:02, 374.20it/s]
shared seed402:  12%|#1        | 3166/26430 [00:08<01:04, 358.84it/s]
shared seed402:  12%|#2        | 3203/26430 [00:08<01:04, 358.72it/s]
shared seed402:  12%|#2        | 3240/26430 [00:08<01:05, 353.94it/s]
shared seed402:  12%|#2        | 3277/26430 [00:08<01:04, 356.78it/s]
shared seed402:  13%|#2        | 3316/26430 [00:08<01:03, 365.82it/s]
shared seed402:  13%|#2        | 3353/26430 [00:08<01:03, 363.61it/s]
shared seed402:  13%|#2        | 3393/26430 [00:08<01:01, 372.54it/s]
shared seed402:  13%|#2        | 3431/26430 [00:08<01:02, 369.55it/s]
shared seed402:  13%|#3        | 3469/26430 [00:08<01:02, 370.05it/s]
shared seed402:  13%|#3        | 3507/26430 [00:09<01:02, 368.27it/s]
shared seed402:  13%|#3        | 3544/26430 [00:09<01:02, 365.06it/s]
shared seed402:  14%|#3        | 3583/26430 [00:09<01:01, 371.15it/s]
shared seed402:  14%|#3        | 3622/26430 [00:09<01:00, 374.51it/s]
shared seed402:  14%|#3        | 3662/26430 [00:09<00:59, 381.45it/s]
shared seed402:  14%|#4        | 3701/26430 [00:09<00:59, 382.16it/s]
shared seed402:  14%|#4        | 3740/26430 [00:09<01:00, 372.23it/s]
shared seed402:  14%|#4        | 3778/26430 [00:09<01:01, 368.51it/s]
shared seed402:  14%|#4        | 3816/26430 [00:09<01:00, 370.77it/s]
shared seed402:  15%|#4        | 3854/26430 [00:09<01:00, 371.09it/s]
shared seed402:  15%|#4        | 3892/26430 [00:10<01:02, 358.41it/s]
shared seed402:  15%|#4        | 3928/26430 [00:10<01:06, 339.32it/s]
shared seed402:  15%|#5        | 3966/26430 [00:10<01:04, 348.18it/s]
shared seed402:  15%|#5        | 4002/26430 [00:10<01:09, 321.10it/s]
shared seed402:  15%|#5        | 4035/26430 [00:10<01:09, 323.19it/s]
shared seed402:  15%|#5        | 4068/26430 [00:10<01:08, 324.21it/s]
shared seed402:  16%|#5        | 4107/26430 [00:10<01:05, 340.93it/s]
shared seed402:  16%|#5        | 4144/26430 [00:10<01:03, 348.92it/s]
shared seed402:  16%|#5        | 4180/26430 [00:10<01:04, 345.36it/s]
shared seed402:  16%|#5        | 4215/26430 [00:11<01:09, 318.21it/s]
shared seed402:  16%|#6        | 4248/26430 [00:11<01:10, 312.53it/s]
shared seed402:  16%|#6        | 4282/26430 [00:11<01:09, 320.03it/s]
shared seed402:  16%|#6        | 4315/26430 [00:11<01:14, 298.02it/s]
shared seed402:  16%|#6        | 4346/26430 [00:11<01:14, 297.29it/s]
shared seed402:  17%|#6        | 4379/26430 [00:11<01:12, 304.44it/s]
shared seed402:  17%|#6        | 4413/26430 [00:11<01:10, 313.24it/s]
shared seed402:  17%|#6        | 4453/26430 [00:11<01:05, 336.30it/s]
shared seed402:  17%|#6        | 4487/26430 [00:11<01:05, 334.20it/s]
shared seed402:  17%|#7        | 4527/26430 [00:12<01:02, 351.03it/s]
shared seed402:  17%|#7        | 4564/26430 [00:12<01:01, 354.77it/s]
shared seed402:  17%|#7        | 4600/26430 [00:12<01:07, 323.56it/s]
shared seed402:  18%|#7        | 4633/26430 [00:12<01:07, 322.72it/s]
shared seed402:  18%|#7        | 4666/26430 [00:12<01:12, 299.00it/s]
shared seed402:  18%|#7        | 4698/26430 [00:12<01:11, 302.45it/s]
shared seed402:  18%|#7        | 4732/26430 [00:12<01:09, 310.97it/s]
shared seed402:  18%|#8        | 4770/26430 [00:12<01:06, 328.15it/s]
shared seed402:  18%|#8        | 4809/26430 [00:12<01:02, 343.94it/s]
shared seed402:  18%|#8        | 4847/26430 [00:12<01:01, 352.37it/s]
shared seed402:  18%|#8        | 4886/26430 [00:13<00:59, 359.17it/s]
shared seed402:  19%|#8        | 4925/26430 [00:13<00:58, 366.58it/s]
shared seed402:  19%|#8        | 4962/26430 [00:13<00:58, 364.58it/s]
shared seed402:  19%|#8        | 4999/26430 [00:13<00:59, 357.73it/s]
shared seed402:  19%|#9        | 5035/26430 [00:13<01:00, 352.71it/s]
shared seed402:  19%|#9        | 5071/26430 [00:13<01:00, 353.40it/s]
shared seed402:  19%|#9        | 5109/26430 [00:13<00:59, 357.73it/s]
shared seed402:  19%|#9        | 5147/26430 [00:13<00:58, 362.53it/s]
shared seed402:  20%|#9        | 5184/26430 [00:13<00:59, 357.62it/s]
shared seed402:  20%|#9        | 5222/26430 [00:14<00:58, 361.75it/s]
shared seed402:  20%|#9        | 5259/26430 [00:14<00:58, 363.70it/s]
shared seed402:  20%|##        | 5298/26430 [00:14<00:57, 370.62it/s]
shared seed402:  20%|##        | 5336/26430 [00:14<00:56, 371.10it/s]
shared seed402:  20%|##        | 5374/26430 [00:14<00:58, 359.86it/s]
shared seed402:  20%|##        | 5411/26430 [00:14<00:58, 359.53it/s]
shared seed402:  21%|##        | 5448/26430 [00:14<00:58, 359.99it/s]
shared seed402:  21%|##        | 5486/26430 [00:14<00:57, 365.64it/s]
shared seed402:  21%|##        | 5525/26430 [00:14<00:56, 372.79it/s]
shared seed402:  21%|##1       | 5563/26430 [00:14<00:56, 368.29it/s]
shared seed402:  21%|##1       | 5601/26430 [00:15<00:56, 369.09it/s]
shared seed402:  21%|##1       | 5639/26430 [00:15<00:56, 369.94it/s]
shared seed402:  21%|##1       | 5677/26430 [00:15<00:55, 370.96it/s]
shared seed402:  22%|##1       | 5715/26430 [00:15<00:55, 372.83it/s]
shared seed402:  22%|##1       | 5753/26430 [00:15<00:56, 368.66it/s]
shared seed402:  22%|##1       | 5790/26430 [00:15<00:56, 364.18it/s]
shared seed402:  22%|##2       | 5827/26430 [00:15<00:57, 359.99it/s]
shared seed402:  22%|##2       | 5864/26430 [00:15<00:58, 353.92it/s]
shared seed402:  22%|##2       | 5900/26430 [00:15<00:58, 348.78it/s]
shared seed402:  22%|##2       | 5935/26430 [00:16<00:59, 341.78it/s]
shared seed402:  23%|##2       | 5970/26430 [00:16<01:01, 333.76it/s]
shared seed402:  23%|##2       | 6009/26430 [00:16<00:58, 347.58it/s]
shared seed402:  23%|##2       | 6046/26430 [00:16<00:57, 353.13it/s]
shared seed402:  23%|##3       | 6082/26430 [00:16<00:59, 342.56it/s]
shared seed402:  23%|##3       | 6118/26430 [00:16<00:58, 347.05it/s]
shared seed402:  23%|##3       | 6153/26430 [00:16<00:59, 340.40it/s]
shared seed402:  23%|##3       | 6188/26430 [00:16<01:01, 330.19it/s]
shared seed402:  24%|##3       | 6222/26430 [00:16<01:01, 326.35it/s]
shared seed402:  24%|##3       | 6256/26430 [00:16<01:01, 327.74it/s]
shared seed402:  24%|##3       | 6294/26430 [00:17<00:59, 340.53it/s]
shared seed402:  24%|##3       | 6331/26430 [00:17<00:57, 347.52it/s]
shared seed402:  24%|##4       | 6367/26430 [00:17<00:57, 349.23it/s]
shared seed402:  24%|##4       | 6406/26430 [00:17<00:55, 358.03it/s]
shared seed402:  24%|##4       | 6442/26430 [00:17<00:56, 350.77it/s]
shared seed402:  25%|##4       | 6482/26430 [00:17<00:54, 363.09it/s]
shared seed402:  25%|##4       | 6519/26430 [00:17<00:55, 357.01it/s]
shared seed402:  25%|##4       | 6555/26430 [00:17<00:55, 356.70it/s]
shared seed402:  25%|##4       | 6595/26430 [00:17<00:54, 365.74it/s]
shared seed402:  25%|##5       | 6632/26430 [00:18<00:54, 363.96it/s]
shared seed402:  25%|##5       | 6669/26430 [00:18<00:54, 364.80it/s]
shared seed402:  25%|##5       | 6707/26430 [00:18<00:53, 367.43it/s]
shared seed402:  26%|##5       | 6745/26430 [00:18<00:53, 369.64it/s]
shared seed402:  26%|##5       | 6784/26430 [00:18<00:52, 374.74it/s]
shared seed402:  26%|##5       | 6822/26430 [00:18<00:52, 375.79it/s]
shared seed402:  26%|##5       | 6862/26430 [00:18<00:51, 382.66it/s]
shared seed402:  26%|##6       | 6903/26430 [00:18<00:50, 387.80it/s]
shared seed402:  26%|##6       | 6943/26430 [00:18<00:50, 389.69it/s]
shared seed402:  26%|##6       | 6987/26430 [00:18<00:48, 401.99it/s]
shared seed402:  27%|##6       | 7028/26430 [00:19<00:48, 402.08it/s]
shared seed402:  27%|##6       | 7069/26430 [00:19<00:48, 400.36it/s]
shared seed402:  27%|##6       | 7110/26430 [00:19<00:48, 401.12it/s]
shared seed402:  27%|##7       | 7151/26430 [00:19<00:53, 361.89it/s]
shared seed402:  27%|##7       | 7188/26430 [00:19<00:53, 359.45it/s]
shared seed402:  27%|##7       | 7225/26430 [00:19<00:53, 356.68it/s]
shared seed402:  27%|##7       | 7262/26430 [00:19<00:54, 352.35it/s]
shared seed402:  28%|##7       | 7299/26430 [00:19<00:53, 357.30it/s]
shared seed402:  28%|##7       | 7338/26430 [00:19<00:52, 366.55it/s]
shared seed402:  28%|##7       | 7376/26430 [00:19<00:51, 369.11it/s]
shared seed402:  28%|##8       | 7415/26430 [00:20<00:50, 374.88it/s]
shared seed402:  28%|##8       | 7453/26430 [00:20<00:50, 375.10it/s]
shared seed402:  28%|##8       | 7493/26430 [00:20<00:49, 379.47it/s]
shared seed402:  28%|##8       | 7531/26430 [00:20<00:50, 377.63it/s]
shared seed402:  29%|##8       | 7569/26430 [00:20<00:51, 363.90it/s]
shared seed402:  29%|##8       | 7608/26430 [00:20<00:51, 368.99it/s]
shared seed402:  29%|##8       | 7646/26430 [00:20<00:50, 370.41it/s]
shared seed402:  29%|##9       | 7684/26430 [00:20<00:50, 370.94it/s]
shared seed402:  29%|##9       | 7723/26430 [00:20<00:49, 374.95it/s]
shared seed402:  29%|##9       | 7767/26430 [00:21<00:47, 392.12it/s]
shared seed402:  30%|##9       | 7809/26430 [00:21<00:46, 398.36it/s]
shared seed402:  30%|##9       | 7851/26430 [00:21<00:46, 403.74it/s]
shared seed402:  30%|##9       | 7892/26430 [00:21<00:45, 403.54it/s]
shared seed402:  30%|###       | 7934/26430 [00:21<00:45, 406.77it/s]
shared seed402:  30%|###       | 7975/26430 [00:21<00:46, 399.40it/s]
shared seed402:  30%|###       | 8015/26430 [00:21<00:46, 399.37it/s]
shared seed402:  30%|###       | 8056/26430 [00:21<00:45, 399.62it/s]
shared seed402:  31%|###       | 8097/26430 [00:21<00:45, 399.99it/s]
shared seed402:  31%|###       | 8138/26430 [00:21<00:46, 396.64it/s]
shared seed402:  31%|###       | 8179/26430 [00:22<00:45, 398.71it/s]
shared seed402:  31%|###1      | 8221/26430 [00:22<00:45, 404.02it/s]
shared seed402:  31%|###1      | 8262/26430 [00:22<00:47, 384.94it/s]
shared seed402:  31%|###1      | 8301/26430 [00:22<00:47, 384.60it/s]
shared seed402:  32%|###1      | 8341/26430 [00:22<00:46, 387.45it/s]
shared seed402:  32%|###1      | 8382/26430 [00:22<00:46, 391.81it/s]
shared seed402:  32%|###1      | 8424/26430 [00:22<00:45, 397.38it/s]
shared seed402:  32%|###2      | 8465/26430 [00:22<00:44, 400.91it/s]
shared seed402:  32%|###2      | 8506/26430 [00:22<00:44, 400.73it/s]
shared seed402:  32%|###2      | 8548/26430 [00:22<00:44, 404.62it/s]
shared seed402:  33%|###2      | 8591/26430 [00:23<00:43, 408.12it/s]
shared seed402:  33%|###2      | 8633/26430 [00:23<00:43, 409.88it/s]
shared seed402:  33%|###2      | 8675/26430 [00:23<00:43, 411.30it/s]
shared seed402:  33%|###2      | 8718/26430 [00:23<00:42, 413.77it/s]
shared seed402:  33%|###3      | 8760/26430 [00:23<00:42, 410.99it/s]
shared seed402:  33%|###3      | 8802/26430 [00:23<00:44, 398.06it/s]
shared seed402:  33%|###3      | 8842/26430 [00:23<00:49, 355.46it/s]
shared seed402:  34%|###3      | 8881/26430 [00:23<00:48, 364.17it/s]
shared seed402:  34%|###3      | 8920/26430 [00:23<00:47, 369.29it/s]
shared seed402:  34%|###3      | 8958/26430 [00:24<00:47, 368.61it/s]
shared seed402:  34%|###4      | 9001/26430 [00:24<00:45, 385.87it/s]
shared seed402:  34%|###4      | 9041/26430 [00:24<00:44, 388.88it/s]
shared seed402:  34%|###4      | 9081/26430 [00:24<00:44, 389.23it/s]
shared seed402:  35%|###4      | 9121/26430 [00:24<00:44, 389.47it/s]
shared seed402:  35%|###4      | 9161/26430 [00:24<00:46, 372.13it/s]
shared seed402:  35%|###4      | 9199/26430 [00:24<00:46, 374.26it/s]
shared seed402:  35%|###4      | 9238/26430 [00:24<00:45, 376.74it/s]
shared seed402:  35%|###5      | 9278/26430 [00:24<00:44, 383.29it/s]
shared seed402:  35%|###5      | 9317/26430 [00:24<00:44, 384.08it/s]
shared seed402:  35%|###5      | 9356/26430 [00:25<00:45, 376.71it/s]
shared seed402:  36%|###5      | 9395/26430 [00:25<00:44, 378.76it/s]
shared seed402:  36%|###5      | 9433/26430 [00:25<00:45, 371.07it/s]
shared seed402:  36%|###5      | 9473/26430 [00:25<00:45, 375.43it/s]
shared seed402:  36%|###5      | 9512/26430 [00:25<00:44, 376.84it/s]
shared seed402:  36%|###6      | 9550/26430 [00:25<00:45, 371.66it/s]
shared seed402:  36%|###6      | 9588/26430 [00:25<00:46, 365.74it/s]
shared seed402:  36%|###6      | 9628/26430 [00:25<00:45, 372.98it/s]
shared seed402:  37%|###6      | 9668/26430 [00:25<00:44, 380.36it/s]
shared seed402:  37%|###6      | 9707/26430 [00:26<00:43, 383.12it/s]
shared seed402:  37%|###6      | 9748/26430 [00:26<00:43, 387.68it/s]
shared seed402:  37%|###7      | 9787/26430 [00:26<00:43, 383.66it/s]
shared seed402:  37%|###7      | 9826/26430 [00:26<00:43, 382.12it/s]
shared seed402:  37%|###7      | 9865/26430 [00:26<00:43, 377.65it/s]
shared seed402:  37%|###7      | 9903/26430 [00:26<00:44, 372.86it/s]
shared seed402:  38%|###7      | 9941/26430 [00:26<00:45, 358.69it/s]
shared seed402:  38%|###7      | 9977/26430 [00:26<00:47, 344.03it/s]
shared seed402:  38%|###7      | 10012/26430 [00:26<00:48, 341.72it/s]
shared seed402:  38%|###8      | 10047/26430 [00:26<00:47, 343.92it/s]
shared seed402:  38%|###8      | 10084/26430 [00:27<00:46, 349.76it/s]
shared seed402:  38%|###8      | 10122/26430 [00:27<00:45, 357.23it/s]
shared seed402:  38%|###8      | 10158/26430 [00:27<00:45, 356.28it/s]
shared seed402:  39%|###8      | 10195/26430 [00:27<00:45, 358.68it/s]
shared seed402:  39%|###8      | 10233/26430 [00:27<00:44, 362.86it/s]
shared seed402:  39%|###8      | 10270/26430 [00:27<00:44, 364.23it/s]
shared seed402:  39%|###8      | 10307/26430 [00:27<00:44, 360.49it/s]
shared seed402:  39%|###9      | 10346/26430 [00:27<00:43, 368.19it/s]
shared seed402:  39%|###9      | 10383/26430 [00:27<00:43, 365.72it/s]
shared seed402:  39%|###9      | 10420/26430 [00:27<00:44, 362.65it/s]
shared seed402:  40%|###9      | 10458/26430 [00:28<00:43, 365.25it/s]
shared seed402:  40%|###9      | 10497/26430 [00:28<00:43, 369.94it/s]
shared seed402:  40%|###9      | 10535/26430 [00:28<00:43, 366.12it/s]
shared seed402:  40%|####      | 10573/26430 [00:28<00:43, 367.63it/s]
shared seed402:  40%|####      | 10611/26430 [00:28<00:42, 370.91it/s]
shared seed402:  40%|####      | 10649/26430 [00:28<00:43, 360.71it/s]
shared seed402:  40%|####      | 10686/26430 [00:28<00:43, 362.74it/s]
shared seed402:  41%|####      | 10727/26430 [00:28<00:41, 373.99it/s]
shared seed402:  41%|####      | 10766/26430 [00:28<00:41, 377.81it/s]
shared seed402:  41%|####      | 10804/26430 [00:29<00:42, 371.30it/s]
shared seed402:  41%|####1     | 10842/26430 [00:29<00:43, 359.07it/s]
shared seed402:  41%|####1     | 10879/26430 [00:29<00:44, 353.04it/s]
shared seed402:  41%|####1     | 10915/26430 [00:29<00:47, 329.98it/s]
shared seed402:  41%|####1     | 10949/26430 [00:29<00:46, 332.50it/s]
shared seed402:  42%|####1     | 10985/26430 [00:29<00:45, 339.97it/s]
shared seed402:  42%|####1     | 11020/26430 [00:29<00:45, 337.43it/s]
shared seed402:  42%|####1     | 11055/26430 [00:29<00:45, 340.91it/s]
shared seed402:  42%|####1     | 11092/26430 [00:29<00:44, 347.87it/s]
shared seed402:  42%|####2     | 11128/26430 [00:29<00:43, 350.43it/s]
shared seed402:  42%|####2     | 11164/26430 [00:30<00:43, 352.81it/s]
shared seed402:  42%|####2     | 11201/26430 [00:30<00:42, 357.42it/s]
shared seed402:  43%|####2     | 11237/26430 [00:30<00:42, 356.78it/s]
shared seed402:  43%|####2     | 11273/26430 [00:30<00:42, 354.79it/s]
shared seed402:  43%|####2     | 11310/26430 [00:30<00:42, 355.49it/s]
shared seed402:  43%|####2     | 11346/26430 [00:30<00:42, 355.08it/s]
shared seed402:  43%|####3     | 11383/26430 [00:30<00:42, 357.50it/s]
shared seed402:  43%|####3     | 11419/26430 [00:30<00:43, 344.94it/s]
shared seed402:  43%|####3     | 11454/26430 [00:30<00:44, 335.15it/s]
shared seed402:  43%|####3     | 11492/26430 [00:31<00:42, 347.62it/s]
shared seed402:  44%|####3     | 11528/26430 [00:31<00:42, 350.59it/s]
shared seed402:  44%|####3     | 11564/26430 [00:31<00:43, 339.21it/s]
shared seed402:  44%|####3     | 11600/26430 [00:31<00:43, 342.72it/s]
shared seed402:  44%|####4     | 11636/26430 [00:31<00:43, 343.91it/s]
shared seed402:  44%|####4     | 11673/26430 [00:31<00:42, 350.05it/s]
shared seed402:  44%|####4     | 11709/26430 [00:31<00:43, 338.96it/s]
shared seed402:  44%|####4     | 11744/26430 [00:31<00:46, 314.33it/s]
shared seed402:  45%|####4     | 11776/26430 [00:31<00:48, 303.39it/s]
shared seed402:  45%|####4     | 11808/26430 [00:31<00:47, 306.23it/s]
shared seed402:  45%|####4     | 11840/26430 [00:32<00:47, 308.12it/s]
shared seed402:  45%|####4     | 11871/26430 [00:32<00:48, 303.01it/s]
shared seed402:  45%|####5     | 11902/26430 [00:32<00:55, 262.99it/s]
shared seed402:  45%|####5     | 11932/26430 [00:32<00:53, 271.89it/s]
shared seed402:  45%|####5     | 11964/26430 [00:32<00:51, 283.55it/s]
shared seed402:  45%|####5     | 11995/26430 [00:32<00:50, 288.14it/s]
shared seed402:  46%|####5     | 12028/26430 [00:32<00:48, 298.96it/s]
shared seed402:  46%|####5     | 12060/26430 [00:32<00:47, 304.41it/s]
shared seed402:  46%|####5     | 12094/26430 [00:32<00:45, 312.50it/s]
shared seed402:  46%|####5     | 12126/26430 [00:33<00:45, 314.40it/s]
shared seed402:  46%|####6     | 12158/26430 [00:33<00:46, 306.54it/s]
shared seed402:  46%|####6     | 12191/26430 [00:33<00:45, 312.70it/s]
shared seed402:  46%|####6     | 12223/26430 [00:33<00:46, 307.17it/s]
shared seed402:  46%|####6     | 12254/26430 [00:33<00:46, 304.48it/s]
shared seed402:  46%|####6     | 12285/26430 [00:33<00:47, 300.95it/s]
shared seed402:  47%|####6     | 12316/26430 [00:33<00:46, 301.25it/s]
shared seed402:  47%|####6     | 12347/26430 [00:33<00:46, 302.01it/s]
shared seed402:  47%|####6     | 12378/26430 [00:33<00:47, 295.15it/s]
shared seed402:  47%|####6     | 12410/26430 [00:34<00:46, 301.91it/s]
shared seed402:  47%|####7     | 12442/26430 [00:34<00:45, 306.74it/s]
shared seed402:  47%|####7     | 12476/26430 [00:34<00:44, 314.69it/s]
shared seed402:  47%|####7     | 12509/26430 [00:34<00:43, 318.47it/s]
shared seed402:  47%|####7     | 12541/26430 [00:34<00:45, 306.54it/s]
shared seed402:  48%|####7     | 12573/26430 [00:34<00:44, 309.19it/s]
shared seed402:  48%|####7     | 12606/26430 [00:34<00:44, 312.95it/s]
shared seed402:  48%|####7     | 12638/26430 [00:34<00:44, 310.14it/s]
shared seed402:  48%|####7     | 12672/26430 [00:34<00:43, 316.79it/s]
shared seed402:  48%|####8     | 12704/26430 [00:34<00:44, 310.59it/s]
shared seed402:  48%|####8     | 12736/26430 [00:35<00:44, 307.02it/s]
shared seed402:  48%|####8     | 12769/26430 [00:35<00:43, 313.36it/s]
shared seed402:  48%|####8     | 12801/26430 [00:35<00:43, 311.85it/s]
shared seed402:  49%|####8     | 12833/26430 [00:35<00:44, 307.60it/s]
shared seed402:  49%|####8     | 12867/26430 [00:35<00:43, 314.77it/s]
shared seed402:  49%|####8     | 12900/26430 [00:35<00:42, 318.59it/s]
shared seed402:  49%|####8     | 12932/26430 [00:35<00:42, 318.77it/s]
shared seed402:  49%|####9     | 12964/26430 [00:35<00:42, 316.11it/s]
shared seed402:  49%|####9     | 12996/26430 [00:35<00:44, 303.90it/s]
shared seed402:  49%|####9     | 13027/26430 [00:36<00:44, 299.22it/s]
shared seed402:  49%|####9     | 13057/26430 [00:36<00:45, 295.72it/s]
shared seed402:  50%|####9     | 13088/26430 [00:36<00:44, 299.70it/s]
shared seed402:  50%|####9     | 13119/26430 [00:36<00:44, 298.49it/s]
shared seed402:  50%|####9     | 13149/26430 [00:36<00:47, 279.17it/s]
shared seed402:  50%|####9     | 13178/26430 [00:36<00:47, 281.95it/s]
shared seed402:  50%|####9     | 13208/26430 [00:36<00:46, 285.13it/s]
shared seed402:  50%|#####     | 13237/26430 [00:36<00:47, 275.42it/s]
shared seed402:  50%|#####     | 13265/26430 [00:36<00:47, 276.16it/s]
shared seed402:  50%|#####     | 13295/26430 [00:36<00:46, 281.47it/s]
shared seed402:  50%|#####     | 13325/26430 [00:37<00:45, 285.43it/s]
shared seed402:  51%|#####     | 13357/26430 [00:37<00:44, 294.95it/s]
shared seed402:  51%|#####     | 13387/26430 [00:37<00:44, 296.32it/s]
shared seed402:  51%|#####     | 13417/26430 [00:37<00:43, 296.02it/s]
shared seed402:  51%|#####     | 13447/26430 [00:37<00:44, 292.15it/s]
shared seed402:  51%|#####     | 13478/26430 [00:37<00:43, 296.30it/s]
shared seed402:  51%|#####1    | 13508/26430 [00:37<00:44, 289.41it/s]
shared seed402:  51%|#####1    | 13537/26430 [00:37<00:44, 287.47it/s]
shared seed402:  51%|#####1    | 13568/26430 [00:37<00:44, 292.28it/s]
shared seed402:  51%|#####1    | 13600/26430 [00:37<00:42, 299.97it/s]
shared seed402:  52%|#####1    | 13632/26430 [00:38<00:42, 304.31it/s]
shared seed402:  52%|#####1    | 13663/26430 [00:38<00:42, 297.03it/s]
shared seed402:  52%|#####1    | 13694/26430 [00:38<00:42, 298.97it/s]
shared seed402:  52%|#####1    | 13725/26430 [00:38<00:42, 301.34it/s]
shared seed402:  52%|#####2    | 13756/26430 [00:38<00:42, 296.26it/s]
shared seed402:  52%|#####2    | 13786/26430 [00:38<00:42, 297.18it/s]
shared seed402:  52%|#####2    | 13816/26430 [00:38<00:42, 297.53it/s]
shared seed402:  52%|#####2    | 13846/26430 [00:38<00:42, 297.60it/s]
shared seed402:  53%|#####2    | 13877/26430 [00:38<00:41, 299.91it/s]
shared seed402:  53%|#####2    | 13908/26430 [00:39<00:42, 297.34it/s]
shared seed402:  53%|#####2    | 13938/26430 [00:39<00:43, 290.04it/s]
shared seed402:  53%|#####2    | 13968/26430 [00:39<00:43, 284.53it/s]
shared seed402:  53%|#####2    | 13998/26430 [00:39<00:43, 288.87it/s]
shared seed402:  53%|#####3    | 14027/26430 [00:39<00:43, 283.16it/s]
shared seed402:  53%|#####3    | 14056/26430 [00:39<00:45, 274.43it/s]
shared seed402:  53%|#####3    | 14088/26430 [00:39<00:43, 285.91it/s]
shared seed402:  53%|#####3    | 14120/26430 [00:39<00:41, 294.83it/s]
shared seed402:  54%|#####3    | 14150/26430 [00:39<00:42, 287.48it/s]
shared seed402:  54%|#####3    | 14179/26430 [00:39<00:44, 272.34it/s]
shared seed402:  54%|#####3    | 14208/26430 [00:40<00:44, 276.62it/s]
shared seed402:  54%|#####3    | 14236/26430 [00:40<00:44, 276.95it/s]
shared seed402:  54%|#####3    | 14266/26430 [00:40<00:43, 282.47it/s]
shared seed402:  54%|#####4    | 14297/26430 [00:40<00:42, 287.88it/s]
shared seed402:  54%|#####4    | 14326/26430 [00:40<00:42, 281.54it/s]
shared seed402:  54%|#####4    | 14357/26430 [00:40<00:41, 288.12it/s]
shared seed402:  54%|#####4    | 14386/26430 [00:40<00:44, 273.72it/s]
shared seed402:  55%|#####4    | 14414/26430 [00:40<00:44, 272.08it/s]
shared seed402:  55%|#####4    | 14443/26430 [00:40<00:43, 274.21it/s]
shared seed402:  55%|#####4    | 14471/26430 [00:41<00:46, 258.22it/s]
shared seed402:  55%|#####4    | 14498/26430 [00:41<00:47, 248.92it/s]
shared seed402:  55%|#####4    | 14524/26430 [00:41<00:48, 245.67it/s]
shared seed402:  55%|#####5    | 14549/26430 [00:41<00:48, 244.33it/s]
shared seed402:  55%|#####5    | 14574/26430 [00:41<00:48, 244.41it/s]
shared seed402:  55%|#####5    | 14600/26430 [00:41<00:47, 247.35it/s]
shared seed402:  55%|#####5    | 14627/26430 [00:41<00:47, 250.44it/s]
shared seed402:  55%|#####5    | 14658/26430 [00:41<00:44, 264.63it/s]
shared seed402:  56%|#####5    | 14689/26430 [00:41<00:42, 275.66it/s]
shared seed402:  56%|#####5    | 14718/26430 [00:42<00:42, 278.81it/s]
shared seed402:  56%|#####5    | 14750/26430 [00:42<00:40, 290.17it/s]
shared seed402:  56%|#####5    | 14782/26430 [00:42<00:39, 297.01it/s]
shared seed402:  56%|#####6    | 14812/26430 [00:42<00:39, 295.28it/s]
shared seed402:  56%|#####6    | 14843/26430 [00:42<00:38, 298.56it/s]
shared seed402:  56%|#####6    | 14873/26430 [00:42<00:41, 281.67it/s]
shared seed402:  56%|#####6    | 14904/26430 [00:42<00:39, 289.24it/s]
shared seed402:  57%|#####6    | 14937/26430 [00:42<00:38, 300.75it/s]
shared seed402:  57%|#####6    | 14973/26430 [00:42<00:36, 317.62it/s]
shared seed402:  57%|#####6    | 15009/26430 [00:42<00:34, 329.12it/s]
shared seed402:  57%|#####6    | 15043/26430 [00:43<00:34, 328.79it/s]
shared seed402:  57%|#####7    | 15080/26430 [00:43<00:33, 340.07it/s]
shared seed402:  57%|#####7    | 15115/26430 [00:43<00:33, 338.96it/s]
shared seed402:  57%|#####7    | 15151/26430 [00:43<00:32, 342.61it/s]
shared seed402:  57%|#####7    | 15186/26430 [00:43<00:33, 333.24it/s]
shared seed402:  58%|#####7    | 15220/26430 [00:43<00:34, 326.03it/s]
shared seed402:  58%|#####7    | 15254/26430 [00:43<00:34, 328.25it/s]
shared seed402:  58%|#####7    | 15291/26430 [00:43<00:32, 339.69it/s]
shared seed402:  58%|#####7    | 15326/26430 [00:43<00:32, 339.64it/s]
shared seed402:  58%|#####8    | 15361/26430 [00:43<00:32, 341.63it/s]
shared seed402:  58%|#####8    | 15396/26430 [00:44<00:32, 343.51it/s]
shared seed402:  58%|#####8    | 15431/26430 [00:44<00:32, 342.07it/s]
shared seed402:  59%|#####8    | 15466/26430 [00:44<00:32, 341.57it/s]
shared seed402:  59%|#####8    | 15501/26430 [00:44<00:32, 337.40it/s]
shared seed402:  59%|#####8    | 15535/26430 [00:44<00:32, 334.96it/s]
shared seed402:  59%|#####8    | 15569/26430 [00:44<00:32, 333.73it/s]
shared seed402:  59%|#####9    | 15605/26430 [00:44<00:31, 340.66it/s]
shared seed402:  59%|#####9    | 15640/26430 [00:44<00:33, 325.80it/s]
shared seed402:  59%|#####9    | 15676/26430 [00:44<00:32, 335.50it/s]
shared seed402:  59%|#####9    | 15712/26430 [00:45<00:31, 342.49it/s]
shared seed402:  60%|#####9    | 15748/26430 [00:45<00:30, 347.49it/s]
shared seed402:  60%|#####9    | 15787/26430 [00:45<00:29, 358.90it/s]
shared seed402:  60%|#####9    | 15824/26430 [00:45<00:29, 359.28it/s]
shared seed402:  60%|######    | 15860/26430 [00:45<00:29, 356.97it/s]
shared seed402:  60%|######    | 15897/26430 [00:45<00:29, 358.27it/s]
shared seed402:  60%|######    | 15933/26430 [00:45<00:29, 350.85it/s]
shared seed402:  60%|######    | 15970/26430 [00:45<00:29, 355.92it/s]
shared seed402:  61%|######    | 16006/26430 [00:45<00:30, 347.44it/s]
shared seed402:  61%|######    | 16045/26430 [00:45<00:29, 357.98it/s]
shared seed402:  61%|######    | 16082/26430 [00:46<00:28, 360.96it/s]
shared seed402:  61%|######    | 16121/26430 [00:46<00:27, 368.55it/s]
shared seed402:  61%|######1   | 16159/26430 [00:46<00:27, 369.87it/s]
shared seed402:  61%|######1   | 16198/26430 [00:46<00:27, 373.95it/s]
shared seed402:  61%|######1   | 16237/26430 [00:46<00:27, 377.05it/s]
shared seed402:  62%|######1   | 16275/26430 [00:46<00:27, 366.59it/s]
shared seed402:  62%|######1   | 16317/26430 [00:46<00:26, 380.59it/s]
shared seed402:  62%|######1   | 16356/26430 [00:46<00:26, 377.94it/s]
shared seed402:  62%|######2   | 16394/26430 [00:46<00:26, 372.78it/s]
shared seed402:  62%|######2   | 16433/26430 [00:46<00:26, 375.55it/s]
shared seed402:  62%|######2   | 16471/26430 [00:47<00:26, 375.56it/s]
shared seed402:  62%|######2   | 16510/26430 [00:47<00:26, 376.84it/s]
shared seed402:  63%|######2   | 16548/26430 [00:47<00:26, 375.23it/s]
shared seed402:  63%|######2   | 16589/26430 [00:47<00:25, 383.76it/s]
shared seed402:  63%|######2   | 16629/26430 [00:47<00:25, 388.38it/s]
shared seed402:  63%|######3   | 16668/26430 [00:47<00:25, 375.56it/s]
shared seed402:  63%|######3   | 16706/26430 [00:47<00:26, 373.18it/s]
shared seed402:  63%|######3   | 16745/26430 [00:47<00:25, 377.91it/s]
shared seed402:  63%|######3   | 16783/26430 [00:47<00:25, 376.73it/s]
shared seed402:  64%|######3   | 16821/26430 [00:48<00:25, 371.02it/s]
shared seed402:  64%|######3   | 16860/26430 [00:48<00:25, 373.64it/s]
shared seed402:  64%|######3   | 16898/26430 [00:48<00:25, 373.55it/s]
shared seed402:  64%|######4   | 16936/26430 [00:48<00:26, 362.79it/s]
shared seed402:  64%|######4   | 16974/26430 [00:48<00:25, 367.44it/s]
shared seed402:  64%|######4   | 17014/26430 [00:48<00:25, 375.62it/s]
shared seed402:  65%|######4   | 17052/26430 [00:48<00:25, 370.67it/s]
shared seed402:  65%|######4   | 17090/26430 [00:48<00:25, 364.51it/s]
shared seed402:  65%|######4   | 17127/26430 [00:48<00:25, 363.87it/s]
shared seed402:  65%|######4   | 17166/26430 [00:48<00:25, 368.11it/s]
shared seed402:  65%|######5   | 17206/26430 [00:49<00:24, 377.31it/s]
shared seed402:  65%|######5   | 17244/26430 [00:49<00:24, 374.96it/s]
shared seed402:  65%|######5   | 17282/26430 [00:49<00:24, 366.01it/s]
shared seed402:  66%|######5   | 17321/26430 [00:49<00:24, 368.71it/s]
shared seed402:  66%|######5   | 17360/26430 [00:49<00:24, 374.33it/s]
shared seed402:  66%|######5   | 17398/26430 [00:49<00:24, 368.47it/s]
shared seed402:  66%|######5   | 17435/26430 [00:49<00:24, 364.44it/s]
shared seed402:  66%|######6   | 17472/26430 [00:49<00:24, 362.12it/s]
shared seed402:  66%|######6   | 17509/26430 [00:49<00:24, 363.64it/s]
shared seed402:  66%|######6   | 17548/26430 [00:49<00:23, 370.41it/s]
shared seed402:  67%|######6   | 17587/26430 [00:50<00:23, 374.38it/s]
shared seed402:  67%|######6   | 17625/26430 [00:50<00:26, 333.54it/s]
shared seed402:  67%|######6   | 17660/26430 [00:50<00:26, 326.38it/s]
shared seed402:  67%|######6   | 17694/26430 [00:50<00:27, 321.77it/s]
shared seed402:  67%|######7   | 17727/26430 [00:50<00:28, 304.37it/s]
shared seed402:  67%|######7   | 17758/26430 [00:50<00:28, 304.93it/s]
shared seed402:  67%|######7   | 17792/26430 [00:50<00:27, 311.86it/s]
shared seed402:  67%|######7   | 17828/26430 [00:50<00:26, 323.53it/s]
shared seed402:  68%|######7   | 17861/26430 [00:50<00:26, 324.99it/s]
shared seed402:  68%|######7   | 17895/26430 [00:51<00:26, 327.75it/s]
shared seed402:  68%|######7   | 17928/26430 [00:51<00:25, 327.70it/s]
shared seed402:  68%|######7   | 17964/26430 [00:51<00:25, 336.46it/s]
shared seed402:  68%|######8   | 18001/26430 [00:51<00:24, 344.79it/s]
shared seed402:  68%|######8   | 18036/26430 [00:51<00:25, 332.12it/s]
shared seed402:  68%|######8   | 18070/26430 [00:51<00:25, 327.84it/s]
shared seed402:  68%|######8   | 18103/26430 [00:51<00:26, 317.91it/s]
shared seed402:  69%|######8   | 18137/26430 [00:51<00:25, 321.85it/s]
shared seed402:  69%|######8   | 18170/26430 [00:51<00:25, 320.97it/s]
shared seed402:  69%|######8   | 18203/26430 [00:52<00:25, 323.26it/s]
shared seed402:  69%|######8   | 18236/26430 [00:52<00:25, 319.79it/s]
shared seed402:  69%|######9   | 18269/26430 [00:52<00:25, 316.36it/s]
shared seed402:  69%|######9   | 18302/26430 [00:52<00:25, 317.96it/s]
shared seed402:  69%|######9   | 18334/26430 [00:52<00:26, 309.38it/s]
shared seed402:  69%|######9   | 18366/26430 [00:52<00:25, 310.73it/s]
shared seed402:  70%|######9   | 18398/26430 [00:52<00:26, 306.20it/s]
shared seed402:  70%|######9   | 18433/26430 [00:52<00:25, 318.71it/s]
shared seed402:  70%|######9   | 18467/26430 [00:52<00:24, 324.38it/s]
shared seed402:  70%|######9   | 18500/26430 [00:52<00:24, 321.40it/s]
shared seed402:  70%|#######   | 18533/26430 [00:53<00:24, 323.58it/s]
shared seed402:  70%|#######   | 18566/26430 [00:53<00:24, 319.99it/s]
shared seed402:  70%|#######   | 18599/26430 [00:53<00:24, 322.02it/s]
shared seed402:  70%|#######   | 18633/26430 [00:53<00:23, 326.84it/s]
shared seed402:  71%|#######   | 18666/26430 [00:53<00:24, 321.12it/s]
shared seed402:  71%|#######   | 18699/26430 [00:53<00:25, 305.99it/s]
shared seed402:  71%|#######   | 18730/26430 [00:53<00:25, 300.45it/s]
shared seed402:  71%|#######   | 18761/26430 [00:53<00:25, 302.06it/s]
shared seed402:  71%|#######1  | 18792/26430 [00:53<00:25, 296.99it/s]
shared seed402:  71%|#######1  | 18824/26430 [00:54<00:25, 301.30it/s]
shared seed402:  71%|#######1  | 18855/26430 [00:54<00:25, 302.85it/s]
shared seed402:  71%|#######1  | 18888/26430 [00:54<00:24, 308.94it/s]
shared seed402:  72%|#######1  | 18919/26430 [00:54<00:24, 305.91it/s]
shared seed402:  72%|#######1  | 18950/26430 [00:54<00:28, 266.09it/s]
shared seed402:  72%|#######1  | 18978/26430 [00:54<00:28, 264.80it/s]
shared seed402:  72%|#######1  | 19008/26430 [00:54<00:27, 273.60it/s]
shared seed402:  72%|#######2  | 19038/26430 [00:54<00:26, 277.69it/s]
shared seed402:  72%|#######2  | 19067/26430 [00:54<00:26, 273.34it/s]
shared seed402:  72%|#######2  | 19095/26430 [00:55<00:27, 263.98it/s]
shared seed402:  72%|#######2  | 19122/26430 [00:55<00:29, 246.17it/s]
shared seed402:  72%|#######2  | 19149/26430 [00:55<00:28, 251.91it/s]
shared seed402:  73%|#######2  | 19175/26430 [00:55<00:29, 247.64it/s]
shared seed402:  73%|#######2  | 19201/26430 [00:55<00:28, 250.73it/s]
shared seed402:  73%|#######2  | 19227/26430 [00:55<00:28, 251.54it/s]
shared seed402:  73%|#######2  | 19253/26430 [00:55<00:28, 248.96it/s]
shared seed402:  73%|#######2  | 19281/26430 [00:55<00:27, 255.69it/s]
shared seed402:  73%|#######3  | 19307/26430 [00:55<00:27, 254.40it/s]
shared seed402:  73%|#######3  | 19333/26430 [00:55<00:28, 252.43it/s]
shared seed402:  73%|#######3  | 19359/26430 [00:56<00:27, 254.11it/s]
shared seed402:  73%|#######3  | 19385/26430 [00:56<00:27, 254.67it/s]
shared seed402:  73%|#######3  | 19415/26430 [00:56<00:26, 267.84it/s]
shared seed402:  74%|#######3  | 19444/26430 [00:56<00:25, 273.76it/s]
shared seed402:  74%|#######3  | 19472/26430 [00:56<00:25, 274.29it/s]
shared seed402:  74%|#######3  | 19500/26430 [00:56<00:25, 266.60it/s]
shared seed402:  74%|#######3  | 19531/26430 [00:56<00:24, 277.95it/s]
shared seed402:  74%|#######4  | 19559/26430 [00:56<00:24, 278.10it/s]
shared seed402:  74%|#######4  | 19590/26430 [00:56<00:23, 286.13it/s]
shared seed402:  74%|#######4  | 19619/26430 [00:56<00:23, 285.62it/s]
shared seed402:  74%|#######4  | 19648/26430 [00:57<00:23, 285.15it/s]
shared seed402:  74%|#######4  | 19677/26430 [00:57<00:25, 268.45it/s]
shared seed402:  75%|#######4  | 19705/26430 [00:57<00:24, 270.52it/s]
shared seed402:  75%|#######4  | 19735/26430 [00:57<00:24, 275.92it/s]
shared seed402:  75%|#######4  | 19763/26430 [00:57<00:24, 275.51it/s]
shared seed402:  75%|#######4  | 19791/26430 [00:57<00:24, 275.13it/s]
shared seed402:  75%|#######4  | 19822/26430 [00:57<00:23, 283.87it/s]
shared seed402:  75%|#######5  | 19851/26430 [00:57<00:23, 279.65it/s]
shared seed402:  75%|#######5  | 19880/26430 [00:57<00:23, 282.40it/s]
shared seed402:  75%|#######5  | 19911/26430 [00:58<00:22, 290.34it/s]
shared seed402:  75%|#######5  | 19945/26430 [00:58<00:21, 304.69it/s]
shared seed402:  76%|#######5  | 19978/26430 [00:58<00:20, 309.12it/s]
shared seed402:  76%|#######5  | 20009/26430 [00:58<00:20, 308.02it/s]
shared seed402:  76%|#######5  | 20040/26430 [00:58<00:21, 301.59it/s]
shared seed402:  76%|#######5  | 20071/26430 [00:58<00:21, 296.76it/s]
shared seed402:  76%|#######6  | 20101/26430 [00:58<00:22, 284.53it/s]
shared seed402:  76%|#######6  | 20131/26430 [00:58<00:22, 285.96it/s]
shared seed402:  76%|#######6  | 20160/26430 [00:58<00:22, 278.39it/s]
shared seed402:  76%|#######6  | 20193/26430 [00:58<00:21, 292.90it/s]
shared seed402:  77%|#######6  | 20224/26430 [00:59<00:20, 296.40it/s]
shared seed402:  77%|#######6  | 20254/26430 [00:59<00:21, 293.32it/s]
shared seed402:  77%|#######6  | 20284/26430 [00:59<00:21, 285.15it/s]
shared seed402:  77%|#######6  | 20313/26430 [00:59<00:21, 286.22it/s]
shared seed402:  77%|#######6  | 20344/26430 [00:59<00:20, 291.92it/s]
shared seed402:  77%|#######7  | 20374/26430 [00:59<00:21, 283.92it/s]
shared seed402:  77%|#######7  | 20404/26430 [00:59<00:20, 287.48it/s]
shared seed402:  77%|#######7  | 20435/26430 [00:59<00:20, 293.01it/s]
shared seed402:  77%|#######7  | 20465/26430 [00:59<00:20, 293.15it/s]
shared seed402:  78%|#######7  | 20495/26430 [01:00<00:20, 292.19it/s]
shared seed402:  78%|#######7  | 20525/26430 [01:00<00:20, 290.94it/s]
shared seed402:  78%|#######7  | 20555/26430 [01:00<00:20, 291.71it/s]
shared seed402:  78%|#######7  | 20585/26430 [01:00<00:20, 283.98it/s]
shared seed402:  78%|#######8  | 20617/26430 [01:00<00:19, 292.81it/s]
shared seed402:  78%|#######8  | 20647/26430 [01:00<00:20, 286.94it/s]
shared seed402:  78%|#######8  | 20676/26430 [01:00<00:20, 287.33it/s]
shared seed402:  78%|#######8  | 20705/26430 [01:00<00:20, 285.63it/s]
shared seed402:  78%|#######8  | 20734/26430 [01:00<00:20, 279.76it/s]
shared seed402:  79%|#######8  | 20763/26430 [01:00<00:20, 280.47it/s]
shared seed402:  79%|#######8  | 20792/26430 [01:01<00:20, 279.23it/s]
shared seed402:  79%|#######8  | 20821/26430 [01:01<00:19, 281.57it/s]
shared seed402:  79%|#######8  | 20850/26430 [01:01<00:19, 282.04it/s]
shared seed402:  79%|#######9  | 20881/26430 [01:01<00:19, 288.53it/s]
shared seed402:  79%|#######9  | 20913/26430 [01:01<00:18, 295.10it/s]
shared seed402:  79%|#######9  | 20947/26430 [01:01<00:17, 307.60it/s]
shared seed402:  79%|#######9  | 20978/26430 [01:01<00:17, 308.30it/s]
shared seed402:  79%|#######9  | 21011/26430 [01:01<00:17, 311.85it/s]
shared seed402:  80%|#######9  | 21043/26430 [01:01<00:17, 310.31it/s]
shared seed402:  80%|#######9  | 21075/26430 [01:02<00:17, 307.32it/s]
shared seed402:  80%|#######9  | 21106/26430 [01:02<00:18, 291.55it/s]
shared seed402:  80%|#######9  | 21136/26430 [01:02<00:18, 290.18it/s]
shared seed402:  80%|########  | 21166/26430 [01:02<00:19, 276.28it/s]
shared seed402:  80%|########  | 21198/26430 [01:02<00:18, 286.87it/s]
shared seed402:  80%|########  | 21227/26430 [01:02<00:18, 278.40it/s]
shared seed402:  80%|########  | 21255/26430 [01:02<00:18, 275.97it/s]
shared seed402:  81%|########  | 21284/26430 [01:02<00:18, 277.62it/s]
shared seed402:  81%|########  | 21313/26430 [01:02<00:18, 278.84it/s]
shared seed402:  81%|########  | 21341/26430 [01:02<00:19, 267.03it/s]
shared seed402:  81%|########  | 21370/26430 [01:03<00:18, 271.45it/s]
shared seed402:  81%|########  | 21399/26430 [01:03<00:18, 274.26it/s]
shared seed402:  81%|########1 | 21428/26430 [01:03<00:18, 277.50it/s]
shared seed402:  81%|########1 | 21456/26430 [01:03<00:18, 265.74it/s]
shared seed402:  81%|########1 | 21484/26430 [01:03<00:18, 269.24it/s]
shared seed402:  81%|########1 | 21512/26430 [01:03<00:18, 264.39it/s]
shared seed402:  82%|########1 | 21542/26430 [01:03<00:17, 274.21it/s]
shared seed402:  82%|########1 | 21573/26430 [01:03<00:17, 282.27it/s]
shared seed402:  82%|########1 | 21602/26430 [01:03<00:17, 281.16it/s]
shared seed402:  82%|########1 | 21631/26430 [01:04<00:17, 281.76it/s]
shared seed402:  82%|########1 | 21662/26430 [01:04<00:16, 289.00it/s]
shared seed402:  82%|########2 | 21691/26430 [01:04<00:16, 280.78it/s]
shared seed402:  82%|########2 | 21720/26430 [01:04<00:16, 279.92it/s]
shared seed402:  82%|########2 | 21751/26430 [01:04<00:16, 288.23it/s]
shared seed402:  82%|########2 | 21780/26430 [01:04<00:16, 280.24it/s]
shared seed402:  83%|########2 | 21809/26430 [01:04<00:17, 260.85it/s]
shared seed402:  83%|########2 | 21836/26430 [01:04<00:17, 260.98it/s]
shared seed402:  83%|########2 | 21864/26430 [01:04<00:17, 262.22it/s]
shared seed402:  83%|########2 | 21891/26430 [01:05<00:17, 257.19it/s]
shared seed402:  83%|########2 | 21917/26430 [01:05<00:17, 252.08it/s]
shared seed402:  83%|########3 | 21946/26430 [01:05<00:17, 261.43it/s]
shared seed402:  83%|########3 | 21975/26430 [01:05<00:16, 267.69it/s]
shared seed402:  83%|########3 | 22003/26430 [01:05<00:16, 267.63it/s]
shared seed402:  83%|########3 | 22030/26430 [01:05<00:16, 266.20it/s]
shared seed402:  83%|########3 | 22057/26430 [01:05<00:16, 262.24it/s]
shared seed402:  84%|########3 | 22091/26430 [01:05<00:15, 282.38it/s]
shared seed402:  84%|########3 | 22120/26430 [01:05<00:15, 279.02it/s]
shared seed402:  84%|########3 | 22148/26430 [01:05<00:15, 276.53it/s]
shared seed402:  84%|########3 | 22177/26430 [01:06<00:15, 278.01it/s]
shared seed402:  84%|########4 | 22205/26430 [01:06<00:15, 274.66it/s]
shared seed402:  84%|########4 | 22234/26430 [01:06<00:15, 276.06it/s]
shared seed402:  84%|########4 | 22263/26430 [01:06<00:14, 278.19it/s]
shared seed402:  84%|########4 | 22291/26430 [01:06<00:15, 271.74it/s]
shared seed402:  84%|########4 | 22319/26430 [01:06<00:15, 269.40it/s]
shared seed402:  85%|########4 | 22350/26430 [01:06<00:14, 280.27it/s]
shared seed402:  85%|########4 | 22379/26430 [01:06<00:15, 260.76it/s]
shared seed402:  85%|########4 | 22407/26430 [01:06<00:15, 265.39it/s]
shared seed402:  85%|########4 | 22436/26430 [01:07<00:14, 271.99it/s]
shared seed402:  85%|########4 | 22464/26430 [01:07<00:14, 264.56it/s]
shared seed402:  85%|########5 | 22495/26430 [01:07<00:14, 275.40it/s]
shared seed402:  85%|########5 | 22525/26430 [01:07<00:13, 282.12it/s]
shared seed402:  85%|########5 | 22555/26430 [01:07<00:13, 286.72it/s]
shared seed402:  85%|########5 | 22587/26430 [01:07<00:12, 296.10it/s]
shared seed402:  86%|########5 | 22617/26430 [01:07<00:12, 295.80it/s]
shared seed402:  86%|########5 | 22648/26430 [01:07<00:12, 296.07it/s]
shared seed402:  86%|########5 | 22678/26430 [01:07<00:13, 285.09it/s]
shared seed402:  86%|########5 | 22707/26430 [01:07<00:13, 280.02it/s]
shared seed402:  86%|########6 | 22736/26430 [01:08<00:13, 278.76it/s]
shared seed402:  86%|########6 | 22766/26430 [01:08<00:12, 284.48it/s]
shared seed402:  86%|########6 | 22795/26430 [01:08<00:13, 276.69it/s]
shared seed402:  86%|########6 | 22823/26430 [01:08<00:13, 271.37it/s]
shared seed402:  86%|########6 | 22851/26430 [01:08<00:13, 265.97it/s]
shared seed402:  87%|########6 | 22878/26430 [01:08<00:14, 250.88it/s]
shared seed402:  87%|########6 | 22905/26430 [01:08<00:13, 255.62it/s]
shared seed402:  87%|########6 | 22935/26430 [01:08<00:13, 267.45it/s]
shared seed402:  87%|########6 | 22962/26430 [01:08<00:13, 262.29it/s]
shared seed402:  87%|########6 | 22989/26430 [01:09<00:13, 262.00it/s]
shared seed402:  87%|########7 | 23021/26430 [01:09<00:12, 278.15it/s]
shared seed402:  87%|########7 | 23050/26430 [01:09<00:12, 280.36it/s]
shared seed402:  87%|########7 | 23080/26430 [01:09<00:11, 283.14it/s]
shared seed402:  87%|########7 | 23109/26430 [01:09<00:11, 280.98it/s]
shared seed402:  88%|########7 | 23138/26430 [01:09<00:11, 275.11it/s]
shared seed402:  88%|########7 | 23169/26430 [01:09<00:11, 282.42it/s]
shared seed402:  88%|########7 | 23198/26430 [01:09<00:11, 279.18it/s]
shared seed402:  88%|########7 | 23226/26430 [01:09<00:12, 265.22it/s]
shared seed402:  88%|########7 | 23254/26430 [01:09<00:11, 265.65it/s]
shared seed402:  88%|########8 | 23281/26430 [01:10<00:11, 263.57it/s]
shared seed402:  88%|########8 | 23308/26430 [01:10<00:11, 261.90it/s]
shared seed402:  88%|########8 | 23336/26430 [01:10<00:11, 265.06it/s]
shared seed402:  88%|########8 | 23369/26430 [01:10<00:10, 280.87it/s]
shared seed402:  89%|########8 | 23398/26430 [01:10<00:10, 278.62it/s]
shared seed402:  89%|########8 | 23427/26430 [01:10<00:10, 279.00it/s]
shared seed402:  89%|########8 | 23457/26430 [01:10<00:10, 283.60it/s]
shared seed402:  89%|########8 | 23492/26430 [01:10<00:09, 301.82it/s]
shared seed402:  89%|########9 | 23523/26430 [01:10<00:09, 300.23it/s]
shared seed402:  89%|########9 | 23554/26430 [01:11<00:09, 298.70it/s]
shared seed402:  89%|########9 | 23584/26430 [01:11<00:10, 283.31it/s]
shared seed402:  89%|########9 | 23613/26430 [01:11<00:10, 281.39it/s]
shared seed402:  89%|########9 | 23642/26430 [01:11<00:09, 283.37it/s]
shared seed402:  90%|########9 | 23671/26430 [01:11<00:09, 283.05it/s]
shared seed402:  90%|########9 | 23700/26430 [01:11<00:09, 274.02it/s]
shared seed402:  90%|########9 | 23731/26430 [01:11<00:09, 282.17it/s]
shared seed402:  90%|########9 | 23761/26430 [01:11<00:09, 286.81it/s]
shared seed402:  90%|######### | 23790/26430 [01:11<00:09, 286.13it/s]
shared seed402:  90%|######### | 23819/26430 [01:11<00:09, 286.24it/s]
shared seed402:  90%|######### | 23848/26430 [01:12<00:09, 276.35it/s]
shared seed402:  90%|######### | 23878/26430 [01:12<00:09, 283.02it/s]
shared seed402:  90%|######### | 23907/26430 [01:12<00:09, 269.50it/s]
shared seed402:  91%|######### | 23935/26430 [01:12<00:09, 266.09it/s]
shared seed402:  91%|######### | 23964/26430 [01:12<00:09, 271.48it/s]
shared seed402:  91%|######### | 23992/26430 [01:12<00:09, 258.54it/s]
shared seed402:  91%|######### | 24021/26430 [01:12<00:09, 266.88it/s]
shared seed402:  91%|######### | 24049/26430 [01:12<00:08, 266.76it/s]
shared seed402:  91%|#########1| 24081/26430 [01:12<00:08, 279.97it/s]
shared seed402:  91%|#########1| 24110/26430 [01:13<00:08, 277.21it/s]
shared seed402:  91%|#########1| 24138/26430 [01:13<00:08, 273.05it/s]
shared seed402:  91%|#########1| 24166/26430 [01:13<00:08, 273.98it/s]
shared seed402:  92%|#########1| 24194/26430 [01:13<00:08, 267.87it/s]
shared seed402:  92%|#########1| 24221/26430 [01:13<00:08, 253.73it/s]
shared seed402:  92%|#########1| 24249/26430 [01:13<00:08, 259.10it/s]
shared seed402:  92%|#########1| 24276/26430 [01:13<00:08, 251.90it/s]
shared seed402:  92%|#########1| 24302/26430 [01:13<00:08, 243.56it/s]
shared seed402:  92%|#########2| 24331/26430 [01:13<00:08, 254.33it/s]
shared seed402:  92%|#########2| 24357/26430 [01:14<00:08, 253.42it/s]
shared seed402:  92%|#########2| 24388/26430 [01:14<00:07, 268.80it/s]
shared seed402:  92%|#########2| 24421/26430 [01:14<00:07, 283.32it/s]
shared seed402:  93%|#########2| 24453/26430 [01:14<00:06, 293.41it/s]
shared seed402:  93%|#########2| 24483/26430 [01:14<00:06, 282.80it/s]
shared seed402:  93%|#########2| 24512/26430 [01:14<00:06, 275.01it/s]
shared seed402:  93%|#########2| 24540/26430 [01:14<00:06, 276.04it/s]
shared seed402:  93%|#########2| 24568/26430 [01:14<00:07, 261.11it/s]
shared seed402:  93%|#########3| 24595/26430 [01:14<00:07, 260.18it/s]
shared seed402:  93%|#########3| 24622/26430 [01:14<00:07, 252.45it/s]
shared seed402:  93%|#########3| 24648/26430 [01:15<00:07, 247.74it/s]
shared seed402:  93%|#########3| 24673/26430 [01:15<00:07, 247.76it/s]
shared seed402:  93%|#########3| 24698/26430 [01:15<00:07, 246.81it/s]
shared seed402:  94%|#########3| 24729/26430 [01:15<00:06, 263.27it/s]
shared seed402:  94%|#########3| 24756/26430 [01:15<00:06, 255.81it/s]
shared seed402:  94%|#########3| 24782/26430 [01:15<00:06, 253.48it/s]
shared seed402:  94%|#########3| 24809/26430 [01:15<00:06, 255.01it/s]
shared seed402:  94%|#########3| 24835/26430 [01:15<00:06, 255.67it/s]
shared seed402:  94%|#########4| 24861/26430 [01:15<00:06, 254.41it/s]
shared seed402:  94%|#########4| 24887/26430 [01:16<00:06, 254.66it/s]
shared seed402:  94%|#########4| 24913/26430 [01:16<00:05, 254.61it/s]
shared seed402:  94%|#########4| 24939/26430 [01:16<00:05, 253.29it/s]
shared seed402:  94%|#########4| 24965/26430 [01:16<00:05, 250.49it/s]
shared seed402:  95%|#########4| 24991/26430 [01:16<00:05, 250.77it/s]
shared seed402:  95%|#########4| 25019/26430 [01:16<00:05, 258.17it/s]
shared seed402:  95%|#########4| 25045/26430 [01:16<00:05, 258.55it/s]
shared seed402:  95%|#########4| 25071/26430 [01:16<00:05, 251.85it/s]
shared seed402:  95%|#########4| 25100/26430 [01:16<00:05, 262.22it/s]
shared seed402:  95%|#########5| 25129/26430 [01:16<00:04, 268.50it/s]
shared seed402:  95%|#########5| 25156/26430 [01:17<00:04, 266.52it/s]
shared seed402:  95%|#########5| 25183/26430 [01:17<00:04, 262.68it/s]
shared seed402:  95%|#########5| 25212/26430 [01:17<00:04, 268.44it/s]
shared seed402:  96%|#########5| 25241/26430 [01:17<00:04, 272.84it/s]
shared seed402:  96%|#########5| 25269/26430 [01:17<00:04, 267.40it/s]
shared seed402:  96%|#########5| 25298/26430 [01:17<00:04, 268.10it/s]
shared seed402:  96%|#########5| 25327/26430 [01:17<00:04, 272.08it/s]
shared seed402:  96%|#########5| 25356/26430 [01:17<00:03, 276.15it/s]
shared seed402:  96%|#########6| 25384/26430 [01:17<00:03, 275.97it/s]
shared seed402:  96%|#########6| 25416/26430 [01:18<00:03, 287.14it/s]
shared seed402:  96%|#########6| 25445/26430 [01:18<00:03, 274.70it/s]
shared seed402:  96%|#########6| 25473/26430 [01:18<00:03, 271.35it/s]
shared seed402:  96%|#########6| 25502/26430 [01:18<00:03, 275.67it/s]
shared seed402:  97%|#########6| 25531/26430 [01:18<00:03, 277.45it/s]
shared seed402:  97%|#########6| 25560/26430 [01:18<00:03, 280.05it/s]
shared seed402:  97%|#########6| 25589/26430 [01:18<00:03, 279.16it/s]
shared seed402:  97%|#########6| 25617/26430 [01:18<00:03, 267.61it/s]
shared seed402:  97%|#########7| 25646/26430 [01:18<00:02, 272.91it/s]
shared seed402:  97%|#########7| 25674/26430 [01:18<00:02, 268.22it/s]
shared seed402:  97%|#########7| 25701/26430 [01:19<00:02, 264.05it/s]
shared seed402:  97%|#########7| 25728/26430 [01:19<00:02, 263.55it/s]
shared seed402:  97%|#########7| 25755/26430 [01:19<00:02, 261.02it/s]
shared seed402:  98%|#########7| 25782/26430 [01:19<00:02, 259.92it/s]
shared seed402:  98%|#########7| 25809/26430 [01:19<00:02, 261.16it/s]
shared seed402:  98%|#########7| 25839/26430 [01:19<00:02, 270.99it/s]
shared seed402:  98%|#########7| 25867/26430 [01:19<00:02, 270.27it/s]
shared seed402:  98%|#########7| 25895/26430 [01:19<00:02, 261.33it/s]
shared seed402:  98%|#########8| 25922/26430 [01:19<00:01, 260.56it/s]
shared seed402:  98%|#########8| 25951/26430 [01:20<00:01, 267.26it/s]
shared seed402:  98%|#########8| 25985/26430 [01:20<00:01, 286.47it/s]
shared seed402:  98%|#########8| 26019/26430 [01:20<00:01, 300.91it/s]
shared seed402:  99%|#########8| 26050/26430 [01:20<00:01, 299.69it/s]
shared seed402:  99%|#########8| 26081/26430 [01:20<00:01, 292.47it/s]
shared seed402:  99%|#########8| 26111/26430 [01:20<00:01, 282.44it/s]
shared seed402:  99%|#########8| 26140/26430 [01:20<00:01, 276.84it/s]
shared seed402:  99%|#########9| 26168/26430 [01:20<00:00, 274.49it/s]
shared seed402:  99%|#########9| 26197/26430 [01:20<00:00, 277.91it/s]
shared seed402:  99%|#########9| 26226/26430 [01:20<00:00, 280.76it/s]
shared seed402:  99%|#########9| 26256/26430 [01:21<00:00, 284.41it/s]
shared seed402:  99%|#########9| 26288/26430 [01:21<00:00, 292.41it/s]
shared seed402: 100%|#########9| 26318/26430 [01:21<00:00, 286.19it/s]
shared seed402: 100%|#########9| 26348/26430 [01:21<00:00, 287.70it/s]
shared seed402: 100%|#########9| 26377/26430 [01:21<00:00, 284.22it/s]
shared seed402: 100%|#########9| 26406/26430 [01:21<00:00, 275.41it/s]
shared seed402: 100%|##########| 26430/26430 [01:21<00:00, 323.50it/s]
finished shared 402

task_conjunction seed401:   0%|          | 0/8810 [00:00<?, ?it/s]
task_conjunction seed401:   0%|          | 31/8810 [00:00<00:28, 306.30it/s]
task_conjunction seed401:   1%|          | 67/8810 [00:00<00:26, 335.67it/s]
task_conjunction seed401:   1%|1         | 104/8810 [00:00<00:24, 350.22it/s]
task_conjunction seed401:   2%|1         | 141/8810 [00:00<00:24, 356.87it/s]
task_conjunction seed401:   2%|2         | 178/8810 [00:00<00:24, 359.56it/s]
task_conjunction seed401:   2%|2         | 214/8810 [00:00<00:23, 358.36it/s]
task_conjunction seed401:   3%|2         | 252/8810 [00:00<00:23, 363.32it/s]
task_conjunction seed401:   3%|3         | 289/8810 [00:00<00:23, 361.15it/s]
task_conjunction seed401:   4%|3         | 326/8810 [00:00<00:23, 362.76it/s]
task_conjunction seed401:   4%|4         | 363/8810 [00:01<00:23, 360.21it/s]
task_conjunction seed401:   5%|4         | 400/8810 [00:01<00:23, 356.50it/s]
task_conjunction seed401:   5%|4         | 436/8810 [00:01<00:23, 354.46it/s]
task_conjunction seed401:   5%|5         | 473/8810 [00:01<00:23, 357.85it/s]
task_conjunction seed401:   6%|5         | 509/8810 [00:01<00:23, 356.44it/s]
task_conjunction seed401:   6%|6         | 545/8810 [00:01<00:23, 353.84it/s]
task_conjunction seed401:   7%|6         | 581/8810 [00:01<00:23, 352.53it/s]
task_conjunction seed401:   7%|7         | 617/8810 [00:01<00:23, 354.43it/s]
task_conjunction seed401:   7%|7         | 653/8810 [00:01<00:23, 352.83it/s]
task_conjunction seed401:   8%|7         | 689/8810 [00:01<00:23, 348.01it/s]
task_conjunction seed401:   8%|8         | 727/8810 [00:02<00:22, 354.76it/s]
task_conjunction seed401:   9%|8         | 763/8810 [00:02<00:22, 350.29it/s]
task_conjunction seed401:   9%|9         | 800/8810 [00:02<00:22, 354.50it/s]
task_conjunction seed401:   9%|9         | 836/8810 [00:02<00:22, 354.21it/s]
task_conjunction seed401:  10%|9         | 873/8810 [00:02<00:22, 358.49it/s]
task_conjunction seed401:  10%|#         | 910/8810 [00:02<00:21, 359.51it/s]
task_conjunction seed401:  11%|#         | 946/8810 [00:02<00:23, 332.98it/s]
task_conjunction seed401:  11%|#1        | 983/8810 [00:02<00:22, 342.57it/s]
task_conjunction seed401:  12%|#1        | 1020/8810 [00:02<00:22, 347.78it/s]
task_conjunction seed401:  12%|#1        | 1057/8810 [00:02<00:21, 353.14it/s]
task_conjunction seed401:  12%|#2        | 1096/8810 [00:03<00:21, 361.60it/s]
task_conjunction seed401:  13%|#2        | 1133/8810 [00:03<00:21, 350.81it/s]
task_conjunction seed401:  13%|#3        | 1169/8810 [00:03<00:21, 351.84it/s]
task_conjunction seed401:  14%|#3        | 1206/8810 [00:03<00:21, 354.78it/s]
task_conjunction seed401:  14%|#4        | 1242/8810 [00:03<00:21, 356.20it/s]
task_conjunction seed401:  15%|#4        | 1278/8810 [00:03<00:21, 352.97it/s]
task_conjunction seed401:  15%|#4        | 1315/8810 [00:03<00:20, 357.55it/s]
task_conjunction seed401:  15%|#5        | 1351/8810 [00:03<00:20, 357.44it/s]
task_conjunction seed401:  16%|#5        | 1387/8810 [00:03<00:20, 356.46it/s]
task_conjunction seed401:  16%|#6        | 1424/8810 [00:04<00:20, 358.56it/s]
task_conjunction seed401:  17%|#6        | 1461/8810 [00:04<00:20, 360.40it/s]
task_conjunction seed401:  17%|#7        | 1498/8810 [00:04<00:22, 326.76it/s]
task_conjunction seed401:  17%|#7        | 1532/8810 [00:04<00:22, 320.51it/s]
task_conjunction seed401:  18%|#7        | 1567/8810 [00:04<00:22, 326.90it/s]
task_conjunction seed401:  18%|#8        | 1604/8810 [00:04<00:21, 338.06it/s]
task_conjunction seed401:  19%|#8        | 1642/8810 [00:04<00:20, 348.08it/s]
task_conjunction seed401:  19%|#9        | 1680/8810 [00:04<00:20, 353.78it/s]
task_conjunction seed401:  19%|#9        | 1716/8810 [00:04<00:21, 335.95it/s]
task_conjunction seed401:  20%|#9        | 1753/8810 [00:04<00:20, 345.32it/s]
task_conjunction seed401:  20%|##        | 1789/8810 [00:05<00:20, 346.61it/s]
task_conjunction seed401:  21%|##        | 1825/8810 [00:05<00:20, 348.35it/s]
task_conjunction seed401:  21%|##1       | 1860/8810 [00:05<00:20, 345.86it/s]
task_conjunction seed401:  22%|##1       | 1896/8810 [00:05<00:19, 348.47it/s]
task_conjunction seed401:  22%|##1       | 1931/8810 [00:05<00:19, 344.33it/s]
task_conjunction seed401:  22%|##2       | 1966/8810 [00:05<00:20, 339.92it/s]
task_conjunction seed401:  23%|##2       | 2003/8810 [00:05<00:19, 348.08it/s]
task_conjunction seed401:  23%|##3       | 2038/8810 [00:05<00:20, 322.79it/s]
task_conjunction seed401:  24%|##3       | 2076/8810 [00:05<00:19, 337.58it/s]
task_conjunction seed401:  24%|##3       | 2113/8810 [00:06<00:19, 346.73it/s]
task_conjunction seed401:  24%|##4       | 2152/8810 [00:06<00:18, 357.66it/s]
task_conjunction seed401:  25%|##4       | 2189/8810 [00:06<00:18, 359.64it/s]
task_conjunction seed401:  25%|##5       | 2227/8810 [00:06<00:18, 364.87it/s]
task_conjunction seed401:  26%|##5       | 2266/8810 [00:06<00:17, 370.80it/s]
task_conjunction seed401:  26%|##6       | 2304/8810 [00:06<00:17, 367.46it/s]
task_conjunction seed401:  27%|##6       | 2341/8810 [00:06<00:17, 363.96it/s]
task_conjunction seed401:  27%|##6       | 2378/8810 [00:06<00:17, 361.29it/s]
task_conjunction seed401:  27%|##7       | 2415/8810 [00:06<00:19, 330.66it/s]
task_conjunction seed401:  28%|##7       | 2451/8810 [00:07<00:19, 334.14it/s]
task_conjunction seed401:  28%|##8       | 2485/8810 [00:07<00:19, 332.10it/s]
task_conjunction seed401:  29%|##8       | 2521/8810 [00:07<00:18, 335.62it/s]
task_conjunction seed401:  29%|##9       | 2555/8810 [00:07<00:18, 330.18it/s]
task_conjunction seed401:  29%|##9       | 2589/8810 [00:07<00:19, 319.38it/s]
task_conjunction seed401:  30%|##9       | 2623/8810 [00:07<00:19, 322.36it/s]
task_conjunction seed401:  30%|###       | 2656/8810 [00:07<00:19, 322.47it/s]
task_conjunction seed401:  31%|###       | 2690/8810 [00:07<00:18, 324.75it/s]
task_conjunction seed401:  31%|###       | 2723/8810 [00:07<00:19, 315.63it/s]
task_conjunction seed401:  31%|###1      | 2755/8810 [00:07<00:19, 316.76it/s]
task_conjunction seed401:  32%|###1      | 2788/8810 [00:08<00:18, 320.03it/s]
task_conjunction seed401:  32%|###2      | 2821/8810 [00:08<00:18, 321.95it/s]
task_conjunction seed401:  32%|###2      | 2858/8810 [00:08<00:17, 335.21it/s]
task_conjunction seed401:  33%|###2      | 2894/8810 [00:08<00:17, 341.51it/s]
task_conjunction seed401:  33%|###3      | 2929/8810 [00:08<00:17, 342.04it/s]
task_conjunction seed401:  34%|###3      | 2964/8810 [00:08<00:17, 340.25it/s]
task_conjunction seed401:  34%|###4      | 3000/8810 [00:08<00:16, 343.32it/s]
task_conjunction seed401:  34%|###4      | 3036/8810 [00:08<00:16, 347.60it/s]
task_conjunction seed401:  35%|###4      | 3071/8810 [00:08<00:16, 343.59it/s]
task_conjunction seed401:  35%|###5      | 3107/8810 [00:08<00:16, 346.28it/s]
task_conjunction seed401:  36%|###5      | 3145/8810 [00:09<00:15, 354.92it/s]
task_conjunction seed401:  36%|###6      | 3181/8810 [00:09<00:15, 355.64it/s]
task_conjunction seed401:  37%|###6      | 3218/8810 [00:09<00:15, 357.06it/s]
task_conjunction seed401:  37%|###6      | 3254/8810 [00:09<00:15, 355.93it/s]
task_conjunction seed401:  37%|###7      | 3293/8810 [00:09<00:15, 363.13it/s]
task_conjunction seed401:  38%|###7      | 3330/8810 [00:09<00:15, 361.76it/s]
task_conjunction seed401:  38%|###8      | 3367/8810 [00:09<00:15, 353.91it/s]
task_conjunction seed401:  39%|###8      | 3403/8810 [00:09<00:15, 354.25it/s]
task_conjunction seed401:  39%|###9      | 3439/8810 [00:09<00:15, 347.45it/s]
task_conjunction seed401:  39%|###9      | 3475/8810 [00:10<00:15, 349.08it/s]
task_conjunction seed401:  40%|###9      | 3513/8810 [00:10<00:14, 356.87it/s]
task_conjunction seed401:  40%|####      | 3552/8810 [00:10<00:14, 365.26it/s]
task_conjunction seed401:  41%|####      | 3589/8810 [00:10<00:14, 365.50it/s]
task_conjunction seed401:  41%|####1     | 3626/8810 [00:10<00:14, 359.31it/s]
task_conjunction seed401:  42%|####1     | 3662/8810 [00:10<00:14, 357.28it/s]
task_conjunction seed401:  42%|####1     | 3698/8810 [00:10<00:14, 354.81it/s]
task_conjunction seed401:  42%|####2     | 3734/8810 [00:10<00:14, 349.23it/s]
task_conjunction seed401:  43%|####2     | 3770/8810 [00:10<00:14, 351.81it/s]
task_conjunction seed401:  43%|####3     | 3806/8810 [00:10<00:14, 347.75it/s]
task_conjunction seed401:  44%|####3     | 3843/8810 [00:11<00:14, 351.25it/s]
task_conjunction seed401:  44%|####4     | 3882/8810 [00:11<00:13, 360.85it/s]
task_conjunction seed401:  44%|####4     | 3919/8810 [00:11<00:13, 356.13it/s]
task_conjunction seed401:  45%|####4     | 3957/8810 [00:11<00:13, 360.85it/s]
task_conjunction seed401:  45%|####5     | 3995/8810 [00:11<00:13, 364.79it/s]
task_conjunction seed401:  46%|####5     | 4032/8810 [00:11<00:13, 362.17it/s]
task_conjunction seed401:  46%|####6     | 4069/8810 [00:11<00:13, 359.00it/s]
task_conjunction seed401:  47%|####6     | 4105/8810 [00:11<00:13, 349.54it/s]
task_conjunction seed401:  47%|####7     | 4142/8810 [00:11<00:13, 355.17it/s]
task_conjunction seed401:  47%|####7     | 4178/8810 [00:11<00:13, 348.79it/s]
task_conjunction seed401:  48%|####7     | 4215/8810 [00:12<00:12, 353.55it/s]
task_conjunction seed401:  48%|####8     | 4253/8810 [00:12<00:12, 359.61it/s]
task_conjunction seed401:  49%|####8     | 4290/8810 [00:12<00:12, 356.91it/s]
task_conjunction seed401:  49%|####9     | 4326/8810 [00:12<00:12, 357.34it/s]
task_conjunction seed401:  50%|####9     | 4362/8810 [00:12<00:12, 355.54it/s]
task_conjunction seed401:  50%|####9     | 4398/8810 [00:12<00:12, 355.27it/s]
task_conjunction seed401:  50%|#####     | 4435/8810 [00:12<00:12, 358.80it/s]
task_conjunction seed401:  51%|#####     | 4472/8810 [00:12<00:11, 361.84it/s]
task_conjunction seed401:  51%|#####1    | 4509/8810 [00:12<00:12, 353.69it/s]
task_conjunction seed401:  52%|#####1    | 4545/8810 [00:13<00:12, 347.89it/s]
task_conjunction seed401:  52%|#####1    | 4581/8810 [00:13<00:12, 350.92it/s]
task_conjunction seed401:  52%|#####2    | 4618/8810 [00:13<00:11, 355.20it/s]
task_conjunction seed401:  53%|#####2    | 4654/8810 [00:13<00:11, 355.47it/s]
task_conjunction seed401:  53%|#####3    | 4690/8810 [00:13<00:11, 353.51it/s]
task_conjunction seed401:  54%|#####3    | 4726/8810 [00:13<00:11, 348.74it/s]
task_conjunction seed401:  54%|#####4    | 4761/8810 [00:13<00:11, 342.81it/s]
task_conjunction seed401:  54%|#####4    | 4796/8810 [00:13<00:11, 337.83it/s]
task_conjunction seed401:  55%|#####4    | 4830/8810 [00:13<00:12, 331.40it/s]
task_conjunction seed401:  55%|#####5    | 4864/8810 [00:13<00:11, 331.10it/s]
task_conjunction seed401:  56%|#####5    | 4899/8810 [00:14<00:11, 333.99it/s]
task_conjunction seed401:  56%|#####6    | 4934/8810 [00:14<00:11, 337.90it/s]
task_conjunction seed401:  56%|#####6    | 4971/8810 [00:14<00:11, 346.71it/s]
task_conjunction seed401:  57%|#####6    | 5008/8810 [00:14<00:10, 353.31it/s]
task_conjunction seed401:  57%|#####7    | 5044/8810 [00:14<00:10, 350.40it/s]
task_conjunction seed401:  58%|#####7    | 5080/8810 [00:14<00:10, 351.88it/s]
task_conjunction seed401:  58%|#####8    | 5116/8810 [00:14<00:10, 353.69it/s]
task_conjunction seed401:  58%|#####8    | 5152/8810 [00:14<00:10, 353.47it/s]
task_conjunction seed401:  59%|#####8    | 5188/8810 [00:14<00:10, 351.21it/s]
task_conjunction seed401:  59%|#####9    | 5224/8810 [00:14<00:10, 344.69it/s]
task_conjunction seed401:  60%|#####9    | 5261/8810 [00:15<00:10, 351.05it/s]
task_conjunction seed401:  60%|######    | 5298/8810 [00:15<00:09, 355.02it/s]
task_conjunction seed401:  61%|######    | 5334/8810 [00:15<00:10, 347.24it/s]
task_conjunction seed401:  61%|######    | 5370/8810 [00:15<00:09, 350.61it/s]
task_conjunction seed401:  61%|######1   | 5408/8810 [00:15<00:09, 356.68it/s]
task_conjunction seed401:  62%|######1   | 5445/8810 [00:15<00:09, 359.94it/s]
task_conjunction seed401:  62%|######2   | 5483/8810 [00:15<00:09, 363.79it/s]
task_conjunction seed401:  63%|######2   | 5520/8810 [00:15<00:09, 363.91it/s]
task_conjunction seed401:  63%|######3   | 5557/8810 [00:15<00:09, 358.36it/s]
task_conjunction seed401:  63%|######3   | 5593/8810 [00:16<00:09, 354.53it/s]
task_conjunction seed401:  64%|######3   | 5630/8810 [00:16<00:08, 356.48it/s]
task_conjunction seed401:  64%|######4   | 5666/8810 [00:16<00:08, 354.02it/s]
task_conjunction seed401:  65%|######4   | 5702/8810 [00:16<00:08, 350.10it/s]
task_conjunction seed401:  65%|######5   | 5738/8810 [00:16<00:09, 339.62it/s]
task_conjunction seed401:  66%|######5   | 5775/8810 [00:16<00:08, 346.38it/s]
task_conjunction seed401:  66%|######5   | 5812/8810 [00:16<00:08, 351.58it/s]
task_conjunction seed401:  66%|######6   | 5849/8810 [00:16<00:08, 355.26it/s]
task_conjunction seed401:  67%|######6   | 5885/8810 [00:16<00:08, 355.73it/s]
task_conjunction seed401:  67%|######7   | 5923/8810 [00:16<00:08, 359.41it/s]
task_conjunction seed401:  68%|######7   | 5959/8810 [00:17<00:08, 353.90it/s]
task_conjunction seed401:  68%|######8   | 5995/8810 [00:17<00:07, 353.07it/s]
task_conjunction seed401:  68%|######8   | 6031/8810 [00:17<00:07, 354.10it/s]
task_conjunction seed401:  69%|######8   | 6069/8810 [00:17<00:07, 361.47it/s]
task_conjunction seed401:  69%|######9   | 6109/8810 [00:17<00:07, 370.72it/s]
task_conjunction seed401:  70%|######9   | 6147/8810 [00:17<00:07, 367.98it/s]
task_conjunction seed401:  70%|#######   | 6184/8810 [00:17<00:07, 362.11it/s]
task_conjunction seed401:  71%|#######   | 6222/8810 [00:17<00:07, 365.11it/s]
task_conjunction seed401:  71%|#######1  | 6259/8810 [00:17<00:07, 359.73it/s]
task_conjunction seed401:  71%|#######1  | 6295/8810 [00:17<00:07, 355.37it/s]
task_conjunction seed401:  72%|#######1  | 6331/8810 [00:18<00:07, 345.12it/s]
task_conjunction seed401:  72%|#######2  | 6370/8810 [00:18<00:06, 354.83it/s]
task_conjunction seed401:  73%|#######2  | 6406/8810 [00:18<00:06, 352.54it/s]
task_conjunction seed401:  73%|#######3  | 6443/8810 [00:18<00:06, 355.99it/s]
task_conjunction seed401:  74%|#######3  | 6479/8810 [00:18<00:06, 353.05it/s]
task_conjunction seed401:  74%|#######3  | 6515/8810 [00:18<00:06, 351.70it/s]
task_conjunction seed401:  74%|#######4  | 6553/8810 [00:18<00:06, 357.48it/s]
task_conjunction seed401:  75%|#######4  | 6589/8810 [00:18<00:06, 350.55it/s]
task_conjunction seed401:  75%|#######5  | 6625/8810 [00:18<00:06, 352.49it/s]
task_conjunction seed401:  76%|#######5  | 6663/8810 [00:19<00:05, 358.14it/s]
task_conjunction seed401:  76%|#######6  | 6699/8810 [00:19<00:05, 355.11it/s]
task_conjunction seed401:  76%|#######6  | 6736/8810 [00:19<00:05, 359.08it/s]
task_conjunction seed401:  77%|#######6  | 6773/8810 [00:19<00:05, 360.64it/s]
task_conjunction seed401:  77%|#######7  | 6810/8810 [00:19<00:05, 360.30it/s]
task_conjunction seed401:  78%|#######7  | 6847/8810 [00:19<00:05, 358.08it/s]
task_conjunction seed401:  78%|#######8  | 6883/8810 [00:19<00:05, 354.03it/s]
task_conjunction seed401:  79%|#######8  | 6919/8810 [00:19<00:05, 348.18it/s]
task_conjunction seed401:  79%|#######8  | 6956/8810 [00:19<00:05, 353.83it/s]
task_conjunction seed401:  79%|#######9  | 6994/8810 [00:19<00:05, 358.76it/s]
task_conjunction seed401:  80%|#######9  | 7030/8810 [00:20<00:05, 344.75it/s]
task_conjunction seed401:  80%|########  | 7065/8810 [00:20<00:05, 341.25it/s]
task_conjunction seed401:  81%|########  | 7101/8810 [00:20<00:04, 346.22it/s]
task_conjunction seed401:  81%|########  | 7136/8810 [00:20<00:04, 345.79it/s]
task_conjunction seed401:  81%|########1 | 7172/8810 [00:20<00:04, 348.57it/s]
task_conjunction seed401:  82%|########1 | 7211/8810 [00:20<00:04, 357.77it/s]
task_conjunction seed401:  82%|########2 | 7247/8810 [00:20<00:04, 353.71it/s]
task_conjunction seed401:  83%|########2 | 7283/8810 [00:20<00:04, 352.87it/s]
task_conjunction seed401:  83%|########3 | 7319/8810 [00:20<00:04, 349.34it/s]
task_conjunction seed401:  83%|########3 | 7354/8810 [00:20<00:04, 346.25it/s]
task_conjunction seed401:  84%|########3 | 7389/8810 [00:21<00:04, 338.08it/s]
task_conjunction seed401:  84%|########4 | 7423/8810 [00:21<00:04, 336.15it/s]
task_conjunction seed401:  85%|########4 | 7459/8810 [00:21<00:03, 340.21it/s]
task_conjunction seed401:  85%|########5 | 7496/8810 [00:21<00:03, 347.70it/s]
task_conjunction seed401:  86%|########5 | 7533/8810 [00:21<00:03, 351.21it/s]
task_conjunction seed401:  86%|########5 | 7570/8810 [00:21<00:03, 352.44it/s]
task_conjunction seed401:  86%|########6 | 7606/8810 [00:21<00:03, 351.83it/s]
task_conjunction seed401:  87%|########6 | 7642/8810 [00:21<00:03, 350.29it/s]
task_conjunction seed401:  87%|########7 | 7679/8810 [00:21<00:03, 355.73it/s]
task_conjunction seed401:  88%|########7 | 7717/8810 [00:22<00:03, 361.42it/s]
task_conjunction seed401:  88%|########8 | 7754/8810 [00:22<00:02, 358.53it/s]
task_conjunction seed401:  88%|########8 | 7790/8810 [00:22<00:02, 354.19it/s]
task_conjunction seed401:  89%|########8 | 7826/8810 [00:22<00:02, 355.89it/s]
task_conjunction seed401:  89%|########9 | 7862/8810 [00:22<00:02, 353.92it/s]
task_conjunction seed401:  90%|########9 | 7898/8810 [00:22<00:02, 353.60it/s]
task_conjunction seed401:  90%|######### | 7934/8810 [00:22<00:02, 345.13it/s]
task_conjunction seed401:  90%|######### | 7969/8810 [00:22<00:02, 316.68it/s]
task_conjunction seed401:  91%|######### | 8005/8810 [00:22<00:02, 327.81it/s]
task_conjunction seed401:  91%|#########1| 8041/8810 [00:22<00:02, 335.99it/s]
task_conjunction seed401:  92%|#########1| 8078/8810 [00:23<00:02, 344.01it/s]
task_conjunction seed401:  92%|#########2| 8113/8810 [00:23<00:02, 343.38it/s]
task_conjunction seed401:  92%|#########2| 8149/8810 [00:23<00:01, 346.19it/s]
task_conjunction seed401:  93%|#########2| 8186/8810 [00:23<00:01, 350.07it/s]
task_conjunction seed401:  93%|#########3| 8222/8810 [00:23<00:01, 350.83it/s]
task_conjunction seed401:  94%|#########3| 8258/8810 [00:23<00:01, 348.34it/s]
task_conjunction seed401:  94%|#########4| 8293/8810 [00:23<00:01, 344.42it/s]
task_conjunction seed401:  95%|#########4| 8328/8810 [00:23<00:01, 341.55it/s]
task_conjunction seed401:  95%|#########4| 8364/8810 [00:23<00:01, 345.56it/s]
task_conjunction seed401:  95%|#########5| 8402/8810 [00:24<00:01, 352.63it/s]
task_conjunction seed401:  96%|#########5| 8438/8810 [00:24<00:01, 351.41it/s]
task_conjunction seed401:  96%|#########6| 8474/8810 [00:24<00:00, 352.32it/s]
task_conjunction seed401:  97%|#########6| 8510/8810 [00:24<00:00, 351.80it/s]
task_conjunction seed401:  97%|#########7| 8547/8810 [00:24<00:00, 355.14it/s]
task_conjunction seed401:  97%|#########7| 8584/8810 [00:24<00:00, 356.69it/s]
task_conjunction seed401:  98%|#########7| 8620/8810 [00:24<00:00, 350.40it/s]
task_conjunction seed401:  98%|#########8| 8656/8810 [00:24<00:00, 327.84it/s]
task_conjunction seed401:  99%|#########8| 8691/8810 [00:24<00:00, 332.68it/s]
task_conjunction seed401:  99%|#########9| 8726/8810 [00:24<00:00, 336.27it/s]
task_conjunction seed401:  99%|#########9| 8761/8810 [00:25<00:00, 340.09it/s]
task_conjunction seed401: 100%|#########9| 8796/8810 [00:25<00:00, 340.80it/s]
task_conjunction seed401: 100%|##########| 8810/8810 [00:25<00:00, 349.58it/s]
finished task_conjunction 401

task_conjunction seed402:   0%|          | 0/8810 [00:00<?, ?it/s]
task_conjunction seed402:   0%|          | 40/8810 [00:00<00:22, 393.56it/s]
task_conjunction seed402:   1%|          | 80/8810 [00:00<00:22, 394.69it/s]
task_conjunction seed402:   1%|1         | 120/8810 [00:00<00:22, 394.08it/s]
task_conjunction seed402:   2%|1         | 160/8810 [00:00<00:22, 385.33it/s]
task_conjunction seed402:   2%|2         | 200/8810 [00:00<00:22, 389.15it/s]
task_conjunction seed402:   3%|2         | 239/8810 [00:00<00:22, 384.84it/s]
task_conjunction seed402:   3%|3         | 278/8810 [00:00<00:22, 375.33it/s]
task_conjunction seed402:   4%|3         | 316/8810 [00:00<00:22, 376.43it/s]
task_conjunction seed402:   4%|4         | 355/8810 [00:00<00:22, 377.24it/s]
task_conjunction seed402:   4%|4         | 395/8810 [00:01<00:21, 382.66it/s]
task_conjunction seed402:   5%|4         | 434/8810 [00:01<00:21, 384.56it/s]
task_conjunction seed402:   5%|5         | 473/8810 [00:01<00:21, 383.86it/s]
task_conjunction seed402:   6%|5         | 513/8810 [00:01<00:21, 386.38it/s]
task_conjunction seed402:   6%|6         | 552/8810 [00:01<00:21, 383.59it/s]
task_conjunction seed402:   7%|6         | 592/8810 [00:01<00:21, 387.58it/s]
task_conjunction seed402:   7%|7         | 631/8810 [00:01<00:21, 372.67it/s]
task_conjunction seed402:   8%|7         | 669/8810 [00:01<00:21, 370.14it/s]
task_conjunction seed402:   8%|8         | 708/8810 [00:01<00:21, 372.92it/s]
task_conjunction seed402:   8%|8         | 747/8810 [00:01<00:21, 376.29it/s]
task_conjunction seed402:   9%|8         | 787/8810 [00:02<00:21, 381.23it/s]
task_conjunction seed402:   9%|9         | 826/8810 [00:02<00:20, 381.44it/s]
task_conjunction seed402:  10%|9         | 865/8810 [00:02<00:20, 383.11it/s]
task_conjunction seed402:  10%|#         | 904/8810 [00:02<00:20, 381.82it/s]
task_conjunction seed402:  11%|#         | 944/8810 [00:02<00:20, 384.77it/s]
task_conjunction seed402:  11%|#1        | 983/8810 [00:02<00:20, 381.21it/s]
task_conjunction seed402:  12%|#1        | 1022/8810 [00:02<00:20, 376.30it/s]
task_conjunction seed402:  12%|#2        | 1060/8810 [00:02<00:20, 374.33it/s]
task_conjunction seed402:  12%|#2        | 1098/8810 [00:02<00:20, 370.16it/s]
task_conjunction seed402:  13%|#2        | 1136/8810 [00:02<00:20, 370.45it/s]
task_conjunction seed402:  13%|#3        | 1174/8810 [00:03<00:20, 370.18it/s]
task_conjunction seed402:  14%|#3        | 1212/8810 [00:03<00:20, 371.76it/s]
task_conjunction seed402:  14%|#4        | 1250/8810 [00:03<00:20, 373.52it/s]
task_conjunction seed402:  15%|#4        | 1288/8810 [00:03<00:20, 372.71it/s]
task_conjunction seed402:  15%|#5        | 1327/8810 [00:03<00:19, 375.88it/s]
task_conjunction seed402:  15%|#5        | 1365/8810 [00:03<00:19, 373.34it/s]
task_conjunction seed402:  16%|#5        | 1404/8810 [00:03<00:19, 376.06it/s]
task_conjunction seed402:  16%|#6        | 1444/8810 [00:03<00:19, 380.21it/s]
task_conjunction seed402:  17%|#6        | 1483/8810 [00:03<00:19, 366.52it/s]
task_conjunction seed402:  17%|#7        | 1525/8810 [00:04<00:19, 379.31it/s]
task_conjunction seed402:  18%|#7        | 1564/8810 [00:04<00:19, 374.21it/s]
task_conjunction seed402:  18%|#8        | 1602/8810 [00:04<00:19, 364.09it/s]
task_conjunction seed402:  19%|#8        | 1639/8810 [00:04<00:19, 365.52it/s]
task_conjunction seed402:  19%|#9        | 1678/8810 [00:04<00:19, 369.49it/s]
task_conjunction seed402:  19%|#9        | 1716/8810 [00:04<00:19, 366.72it/s]
task_conjunction seed402:  20%|#9        | 1753/8810 [00:04<00:19, 366.69it/s]
task_conjunction seed402:  20%|##        | 1794/8810 [00:04<00:18, 377.51it/s]
task_conjunction seed402:  21%|##        | 1832/8810 [00:04<00:19, 362.14it/s]
task_conjunction seed402:  21%|##1       | 1869/8810 [00:04<00:19, 358.88it/s]
task_conjunction seed402:  22%|##1       | 1908/8810 [00:05<00:18, 366.90it/s]
task_conjunction seed402:  22%|##2       | 1948/8810 [00:05<00:18, 374.36it/s]
task_conjunction seed402:  23%|##2       | 1986/8810 [00:05<00:18, 373.06it/s]
task_conjunction seed402:  23%|##2       | 2024/8810 [00:05<00:18, 359.17it/s]
task_conjunction seed402:  23%|##3       | 2061/8810 [00:05<00:18, 355.80it/s]
task_conjunction seed402:  24%|##3       | 2100/8810 [00:05<00:18, 364.76it/s]
task_conjunction seed402:  24%|##4       | 2137/8810 [00:05<00:18, 361.45it/s]
task_conjunction seed402:  25%|##4       | 2176/8810 [00:05<00:18, 367.02it/s]
task_conjunction seed402:  25%|##5       | 2215/8810 [00:05<00:17, 370.39it/s]
task_conjunction seed402:  26%|##5       | 2253/8810 [00:06<00:17, 372.03it/s]
task_conjunction seed402:  26%|##6       | 2293/8810 [00:06<00:17, 379.72it/s]
task_conjunction seed402:  26%|##6       | 2332/8810 [00:06<00:17, 373.98it/s]
task_conjunction seed402:  27%|##6       | 2370/8810 [00:06<00:17, 374.60it/s]
task_conjunction seed402:  27%|##7       | 2409/8810 [00:06<00:17, 374.82it/s]
task_conjunction seed402:  28%|##7       | 2447/8810 [00:06<00:17, 370.92it/s]
task_conjunction seed402:  28%|##8       | 2485/8810 [00:06<00:17, 366.05it/s]
task_conjunction seed402:  29%|##8       | 2522/8810 [00:06<00:17, 366.36it/s]
task_conjunction seed402:  29%|##9       | 2559/8810 [00:06<00:17, 367.36it/s]
task_conjunction seed402:  29%|##9       | 2598/8810 [00:06<00:16, 372.29it/s]
task_conjunction seed402:  30%|##9       | 2636/8810 [00:07<00:16, 373.29it/s]
task_conjunction seed402:  30%|###       | 2674/8810 [00:07<00:16, 373.36it/s]
task_conjunction seed402:  31%|###       | 2714/8810 [00:07<00:16, 380.02it/s]
task_conjunction seed402:  31%|###1      | 2753/8810 [00:07<00:16, 367.51it/s]
task_conjunction seed402:  32%|###1      | 2792/8810 [00:07<00:16, 372.04it/s]
task_conjunction seed402:  32%|###2      | 2830/8810 [00:07<00:16, 372.97it/s]
task_conjunction seed402:  33%|###2      | 2869/8810 [00:07<00:15, 377.19it/s]
task_conjunction seed402:  33%|###3      | 2908/8810 [00:07<00:15, 380.62it/s]
task_conjunction seed402:  33%|###3      | 2947/8810 [00:07<00:15, 379.17it/s]
task_conjunction seed402:  34%|###3      | 2985/8810 [00:07<00:15, 372.15it/s]
task_conjunction seed402:  34%|###4      | 3024/8810 [00:08<00:15, 374.84it/s]
task_conjunction seed402:  35%|###4      | 3064/8810 [00:08<00:15, 380.38it/s]
task_conjunction seed402:  35%|###5      | 3103/8810 [00:08<00:15, 379.43it/s]
task_conjunction seed402:  36%|###5      | 3141/8810 [00:08<00:14, 379.33it/s]
task_conjunction seed402:  36%|###6      | 3179/8810 [00:08<00:15, 374.91it/s]
task_conjunction seed402:  37%|###6      | 3218/8810 [00:08<00:14, 377.36it/s]
task_conjunction seed402:  37%|###6      | 3256/8810 [00:08<00:14, 377.79it/s]
task_conjunction seed402:  37%|###7      | 3298/8810 [00:08<00:14, 389.40it/s]
task_conjunction seed402:  38%|###7      | 3337/8810 [00:08<00:14, 384.53it/s]
task_conjunction seed402:  38%|###8      | 3377/8810 [00:08<00:14, 387.83it/s]
task_conjunction seed402:  39%|###8      | 3418/8810 [00:09<00:13, 392.78it/s]
task_conjunction seed402:  39%|###9      | 3458/8810 [00:09<00:13, 393.74it/s]
task_conjunction seed402:  40%|###9      | 3498/8810 [00:09<00:13, 393.36it/s]
task_conjunction seed402:  40%|####      | 3538/8810 [00:09<00:14, 354.56it/s]
task_conjunction seed402:  41%|####      | 3576/8810 [00:09<00:14, 359.68it/s]
task_conjunction seed402:  41%|####1     | 3613/8810 [00:09<00:15, 331.29it/s]
task_conjunction seed402:  41%|####1     | 3650/8810 [00:09<00:15, 339.90it/s]
task_conjunction seed402:  42%|####1     | 3687/8810 [00:09<00:14, 348.05it/s]
task_conjunction seed402:  42%|####2     | 3724/8810 [00:09<00:14, 351.40it/s]
task_conjunction seed402:  43%|####2     | 3760/8810 [00:10<00:14, 345.57it/s]
task_conjunction seed402:  43%|####3     | 3797/8810 [00:10<00:14, 349.14it/s]
task_conjunction seed402:  44%|####3     | 3834/8810 [00:10<00:14, 354.33it/s]
task_conjunction seed402:  44%|####3     | 3870/8810 [00:10<00:14, 351.95it/s]
task_conjunction seed402:  44%|####4     | 3906/8810 [00:10<00:14, 341.39it/s]
task_conjunction seed402:  45%|####4     | 3943/8810 [00:10<00:14, 346.70it/s]
task_conjunction seed402:  45%|####5     | 3978/8810 [00:10<00:14, 341.19it/s]
task_conjunction seed402:  46%|####5     | 4013/8810 [00:10<00:15, 318.73it/s]
task_conjunction seed402:  46%|####5     | 4046/8810 [00:10<00:15, 316.49it/s]
task_conjunction seed402:  46%|####6     | 4083/8810 [00:11<00:14, 329.59it/s]
task_conjunction seed402:  47%|####6     | 4120/8810 [00:11<00:13, 340.64it/s]
task_conjunction seed402:  47%|####7     | 4157/8810 [00:11<00:13, 345.63it/s]
task_conjunction seed402:  48%|####7     | 4192/8810 [00:11<00:13, 343.04it/s]
task_conjunction seed402:  48%|####8     | 4229/8810 [00:11<00:13, 347.44it/s]
task_conjunction seed402:  48%|####8     | 4267/8810 [00:11<00:12, 354.67it/s]
task_conjunction seed402:  49%|####8     | 4303/8810 [00:11<00:12, 354.09it/s]
task_conjunction seed402:  49%|####9     | 4339/8810 [00:11<00:12, 348.56it/s]
task_conjunction seed402:  50%|####9     | 4378/8810 [00:11<00:12, 356.61it/s]
task_conjunction seed402:  50%|#####     | 4415/8810 [00:11<00:12, 358.09it/s]
task_conjunction seed402:  51%|#####     | 4453/8810 [00:12<00:11, 363.58it/s]
task_conjunction seed402:  51%|#####     | 4490/8810 [00:12<00:11, 365.36it/s]
task_conjunction seed402:  51%|#####1    | 4527/8810 [00:12<00:11, 361.67it/s]
task_conjunction seed402:  52%|#####1    | 4564/8810 [00:12<00:11, 354.72it/s]
task_conjunction seed402:  52%|#####2    | 4600/8810 [00:12<00:12, 337.00it/s]
task_conjunction seed402:  53%|#####2    | 4637/8810 [00:12<00:12, 344.85it/s]
task_conjunction seed402:  53%|#####3    | 4675/8810 [00:12<00:11, 354.31it/s]
task_conjunction seed402:  53%|#####3    | 4711/8810 [00:12<00:11, 346.08it/s]
task_conjunction seed402:  54%|#####3    | 4747/8810 [00:12<00:11, 350.01it/s]
task_conjunction seed402:  54%|#####4    | 4785/8810 [00:13<00:11, 356.59it/s]
task_conjunction seed402:  55%|#####4    | 4824/8810 [00:13<00:10, 364.46it/s]
task_conjunction seed402:  55%|#####5    | 4861/8810 [00:13<00:10, 360.67it/s]
task_conjunction seed402:  56%|#####5    | 4898/8810 [00:13<00:10, 358.88it/s]
task_conjunction seed402:  56%|#####6    | 4934/8810 [00:13<00:11, 351.19it/s]
task_conjunction seed402:  56%|#####6    | 4971/8810 [00:13<00:10, 355.80it/s]
task_conjunction seed402:  57%|#####6    | 5009/8810 [00:13<00:10, 359.80it/s]
task_conjunction seed402:  57%|#####7    | 5047/8810 [00:13<00:10, 362.94it/s]
task_conjunction seed402:  58%|#####7    | 5085/8810 [00:13<00:10, 365.18it/s]
task_conjunction seed402:  58%|#####8    | 5122/8810 [00:13<00:10, 355.65it/s]
task_conjunction seed402:  59%|#####8    | 5160/8810 [00:14<00:10, 359.98it/s]
task_conjunction seed402:  59%|#####8    | 5197/8810 [00:14<00:10, 356.95it/s]
task_conjunction seed402:  59%|#####9    | 5233/8810 [00:14<00:10, 354.61it/s]
task_conjunction seed402:  60%|#####9    | 5269/8810 [00:14<00:10, 353.28it/s]
task_conjunction seed402:  60%|######    | 5305/8810 [00:14<00:10, 341.62it/s]
task_conjunction seed402:  61%|######    | 5340/8810 [00:14<00:10, 341.91it/s]
task_conjunction seed402:  61%|######1   | 5376/8810 [00:14<00:09, 344.30it/s]
task_conjunction seed402:  61%|######1   | 5412/8810 [00:14<00:09, 347.64it/s]
task_conjunction seed402:  62%|######1   | 5451/8810 [00:14<00:09, 357.65it/s]
task_conjunction seed402:  62%|######2   | 5487/8810 [00:15<00:09, 355.53it/s]
task_conjunction seed402:  63%|######2   | 5524/8810 [00:15<00:09, 358.09it/s]
task_conjunction seed402:  63%|######3   | 5561/8810 [00:15<00:08, 361.24it/s]
task_conjunction seed402:  64%|######3   | 5598/8810 [00:15<00:08, 360.17it/s]
task_conjunction seed402:  64%|######3   | 5635/8810 [00:15<00:08, 353.91it/s]
task_conjunction seed402:  64%|######4   | 5671/8810 [00:15<00:09, 344.86it/s]
task_conjunction seed402:  65%|######4   | 5706/8810 [00:15<00:09, 340.94it/s]
task_conjunction seed402:  65%|######5   | 5743/8810 [00:15<00:08, 347.77it/s]
task_conjunction seed402:  66%|######5   | 5779/8810 [00:15<00:08, 350.13it/s]
task_conjunction seed402:  66%|######6   | 5816/8810 [00:15<00:08, 355.63it/s]
task_conjunction seed402:  66%|######6   | 5853/8810 [00:16<00:08, 357.55it/s]
task_conjunction seed402:  67%|######6   | 5890/8810 [00:16<00:08, 360.94it/s]
task_conjunction seed402:  67%|######7   | 5927/8810 [00:16<00:08, 358.07it/s]
task_conjunction seed402:  68%|######7   | 5964/8810 [00:16<00:07, 359.04it/s]
task_conjunction seed402:  68%|######8   | 6000/8810 [00:16<00:07, 358.59it/s]
task_conjunction seed402:  69%|######8   | 6036/8810 [00:16<00:07, 353.05it/s]
task_conjunction seed402:  69%|######8   | 6072/8810 [00:16<00:07, 350.18it/s]
task_conjunction seed402:  69%|######9   | 6110/8810 [00:16<00:07, 355.88it/s]
task_conjunction seed402:  70%|######9   | 6146/8810 [00:16<00:07, 349.35it/s]
task_conjunction seed402:  70%|#######   | 6185/8810 [00:16<00:07, 358.97it/s]
task_conjunction seed402:  71%|#######   | 6221/8810 [00:17<00:07, 355.07it/s]
task_conjunction seed402:  71%|#######1  | 6257/8810 [00:17<00:07, 356.47it/s]
task_conjunction seed402:  71%|#######1  | 6293/8810 [00:17<00:07, 355.32it/s]
task_conjunction seed402:  72%|#######1  | 6330/8810 [00:17<00:06, 357.37it/s]
task_conjunction seed402:  72%|#######2  | 6366/8810 [00:17<00:07, 342.51it/s]
task_conjunction seed402:  73%|#######2  | 6402/8810 [00:17<00:06, 347.32it/s]
task_conjunction seed402:  73%|#######3  | 6438/8810 [00:17<00:06, 350.21it/s]
task_conjunction seed402:  73%|#######3  | 6474/8810 [00:17<00:06, 347.76it/s]
task_conjunction seed402:  74%|#######3  | 6509/8810 [00:17<00:06, 346.39it/s]
task_conjunction seed402:  74%|#######4  | 6544/8810 [00:18<00:06, 339.66it/s]
task_conjunction seed402:  75%|#######4  | 6579/8810 [00:18<00:06, 341.47it/s]
task_conjunction seed402:  75%|#######5  | 6614/8810 [00:18<00:06, 335.64it/s]
task_conjunction seed402:  75%|#######5  | 6650/8810 [00:18<00:06, 339.87it/s]
task_conjunction seed402:  76%|#######5  | 6685/8810 [00:18<00:06, 338.13it/s]
task_conjunction seed402:  76%|#######6  | 6719/8810 [00:18<00:06, 328.79it/s]
task_conjunction seed402:  77%|#######6  | 6753/8810 [00:18<00:06, 331.50it/s]
task_conjunction seed402:  77%|#######7  | 6787/8810 [00:18<00:06, 332.97it/s]
task_conjunction seed402:  77%|#######7  | 6821/8810 [00:18<00:05, 333.58it/s]
task_conjunction seed402:  78%|#######7  | 6856/8810 [00:18<00:05, 335.54it/s]
task_conjunction seed402:  78%|#######8  | 6890/8810 [00:19<00:05, 336.51it/s]
task_conjunction seed402:  79%|#######8  | 6924/8810 [00:19<00:05, 332.12it/s]
task_conjunction seed402:  79%|#######8  | 6958/8810 [00:19<00:05, 334.00it/s]
task_conjunction seed402:  79%|#######9  | 6994/8810 [00:19<00:05, 339.35it/s]
task_conjunction seed402:  80%|#######9  | 7028/8810 [00:19<00:05, 338.40it/s]
task_conjunction seed402:  80%|########  | 7062/8810 [00:19<00:05, 333.49it/s]
task_conjunction seed402:  81%|########  | 7098/8810 [00:19<00:05, 339.83it/s]
task_conjunction seed402:  81%|########  | 7133/8810 [00:19<00:04, 341.97it/s]
task_conjunction seed402:  81%|########1 | 7169/8810 [00:19<00:04, 344.16it/s]
task_conjunction seed402:  82%|########1 | 7204/8810 [00:19<00:04, 343.89it/s]
task_conjunction seed402:  82%|########2 | 7239/8810 [00:20<00:04, 339.73it/s]
task_conjunction seed402:  83%|########2 | 7275/8810 [00:20<00:04, 343.90it/s]
task_conjunction seed402:  83%|########2 | 7310/8810 [00:20<00:04, 343.66it/s]
task_conjunction seed402:  83%|########3 | 7345/8810 [00:20<00:04, 340.14it/s]
task_conjunction seed402:  84%|########3 | 7380/8810 [00:20<00:04, 341.80it/s]
task_conjunction seed402:  84%|########4 | 7415/8810 [00:20<00:04, 343.57it/s]
task_conjunction seed402:  85%|########4 | 7450/8810 [00:20<00:03, 341.33it/s]
task_conjunction seed402:  85%|########4 | 7487/8810 [00:20<00:03, 347.15it/s]
task_conjunction seed402:  85%|########5 | 7523/8810 [00:20<00:03, 350.30it/s]
task_conjunction seed402:  86%|########5 | 7559/8810 [00:21<00:03, 348.79it/s]
task_conjunction seed402:  86%|########6 | 7596/8810 [00:21<00:03, 352.46it/s]
task_conjunction seed402:  87%|########6 | 7632/8810 [00:21<00:03, 353.76it/s]
task_conjunction seed402:  87%|########7 | 7668/8810 [00:21<00:03, 350.99it/s]
task_conjunction seed402:  87%|########7 | 7704/8810 [00:21<00:03, 348.00it/s]
task_conjunction seed402:  88%|########7 | 7740/8810 [00:21<00:03, 350.76it/s]
task_conjunction seed402:  88%|########8 | 7776/8810 [00:21<00:03, 343.02it/s]
task_conjunction seed402:  89%|########8 | 7813/8810 [00:21<00:02, 349.00it/s]
task_conjunction seed402:  89%|########9 | 7848/8810 [00:21<00:02, 347.36it/s]
task_conjunction seed402:  89%|########9 | 7884/8810 [00:21<00:02, 350.59it/s]
task_conjunction seed402:  90%|########9 | 7922/8810 [00:22<00:02, 357.64it/s]
task_conjunction seed402:  90%|######### | 7958/8810 [00:22<00:02, 356.00it/s]
task_conjunction seed402:  91%|######### | 7994/8810 [00:22<00:02, 353.90it/s]
task_conjunction seed402:  91%|#########1| 8030/8810 [00:22<00:02, 352.31it/s]
task_conjunction seed402:  92%|#########1| 8066/8810 [00:22<00:02, 341.48it/s]
task_conjunction seed402:  92%|#########1| 8101/8810 [00:22<00:02, 343.50it/s]
task_conjunction seed402:  92%|#########2| 8136/8810 [00:22<00:01, 341.77it/s]
task_conjunction seed402:  93%|#########2| 8171/8810 [00:22<00:01, 343.09it/s]
task_conjunction seed402:  93%|#########3| 8206/8810 [00:22<00:01, 343.23it/s]
task_conjunction seed402:  94%|#########3| 8242/8810 [00:22<00:01, 345.23it/s]
task_conjunction seed402:  94%|#########3| 8278/8810 [00:23<00:01, 348.12it/s]
task_conjunction seed402:  94%|#########4| 8313/8810 [00:23<00:01, 347.38it/s]
task_conjunction seed402:  95%|#########4| 8349/8810 [00:23<00:01, 350.48it/s]
task_conjunction seed402:  95%|#########5| 8386/8810 [00:23<00:01, 356.27it/s]
task_conjunction seed402:  96%|#########5| 8423/8810 [00:23<00:01, 357.61it/s]
task_conjunction seed402:  96%|#########6| 8459/8810 [00:23<00:01, 349.19it/s]
task_conjunction seed402:  96%|#########6| 8495/8810 [00:23<00:00, 350.73it/s]
task_conjunction seed402:  97%|#########6| 8531/8810 [00:23<00:00, 350.03it/s]
task_conjunction seed402:  97%|#########7| 8570/8810 [00:23<00:00, 358.81it/s]
task_conjunction seed402:  98%|#########7| 8606/8810 [00:23<00:00, 356.13it/s]
task_conjunction seed402:  98%|#########8| 8642/8810 [00:24<00:00, 352.34it/s]
task_conjunction seed402:  99%|#########8| 8679/8810 [00:24<00:00, 357.45it/s]
task_conjunction seed402:  99%|#########8| 8715/8810 [00:24<00:00, 356.91it/s]
task_conjunction seed402:  99%|#########9| 8751/8810 [00:24<00:00, 357.68it/s]
task_conjunction seed402: 100%|#########9| 8788/8810 [00:24<00:00, 360.62it/s]
task_conjunction seed402: 100%|##########| 8810/8810 [00:24<00:00, 358.72it/s]
finished task_conjunction 402
ACT-R connection error connection no longer available.
